PRAGMA foreign_keys=ON;

INSERT INTO Grupo VALUES 
("A"),
("B"),
("C"),
("D"),
("E"),
("F"),
("G"),
("H");

INSERT INTO Selecao VALUES 
("Catar",2,3,"A"),
("Equador",5,2,"A"),
("Senegal",1,4,"A"),
("Países Baixos",7,1,"A"),

("Inglaterra",6,1,"B"),
("Irão",1,4,"B"),
("Estados Unidos",4,3,"B"),
("País de Gales",6,2,"B"),

("Argentina",9,1,"C"),
("Arábia Saudita",3,3,"C"),
("México",4,2,"C"),
("Polónia",1,4,"C"),

("França",5,2,"D"),
("Austrália",2,3,"D"),
("Dinamarca",7,1,"D"),
("Tunísia",1,4,"D"),

("Espanha",6,2,"E"),
("Costa Rica",3,3,"E"),
("Alemanha",7,1,"E"),
("Japão",1,4,"E"),

("Bélgica",7,1,"F"),
("Canadá",3,4,"F"),
("Marrocos",3,3,"F"),
("Croácia",4,2,"F"),

("Brasil",7,1,"G"),
("Sérvia",1,3,"G"),
("Suiça",1,4,"G"),
("Camarões",7,2,"G"),

("Portugal",9,1,"H"),
("Gana",4,2,"H"),
("Uruguai",4,3,"H"),
("Coreia do Sul",0,4,"H");

INSERT INTO Jogador VALUES
(1,"Alemanha","Manuel Neuer",0),
(2,"Alemanha","Ter Stegen",0),
(3,"Alemanha","Kevin Trapp",0),
(4,"Alemanha","Bella Kotchap",1),
(5,"Alemanha","Matthias Ginter",0),
(6,"Alemanha","Christian Gunter",0),
(7,"Alemanha","Thilo Kehrer",0),
(8,"Alemanha","Lukas Klostermann",0),
(9,"Alemanha","David Raum",0),
(10,"Alemanha","Antonio Rudiger",0),
(11,"Alemanha","Nico Schlotterbeck",1),
(12,"Alemanha","Niklas Sul",0),
(13,"Alemanha","Julian Brandt",0),
(14,"Alemanha","Leon Goretzka",0),
(15,"Alemanha","Mario Gotze",2),
(16,"Alemanha","Ilkay Gundogan",1),
(17,"Alemanha","Jonas Hofmann",0),
(18,"Alemanha","Joshua Kimmich",1),
(19,"Alemanha","Kai Havertz",1),
(20,"Alemanha","Jamal Musiala",0),
(21,"Alemanha","Karim Adeyemi",0),
(22,"Alemanha","Niclas Fullkrug",0),
(23,"Alemanha","Serge Gnabry",0),
(24,"Alemanha","Youssoufa Moukoko",0),
(25,"Alemanha","Thomas Muller",0),
(26,"Alemanha","Leroy Sane",0),

(1,"Argentina","Emiliano Martínez",0),
(2,"Argentina","Gerónimo Rulli",0),
(3,"Argentina","Franco Armani",0),
(4,"Argentina","Nahuel Molina",0),
(5,"Argentina","Gonzalo Montiel",0),
(6,"Argentina","Cristian Romero",0),
(7,"Argentina","Germán Pezzella",2),
(8,"Argentina","Nicolás Otamendi",0),
(9,"Argentina","Lisandro Martínez",1),
(10,"Argentina","Lionel Messi",3),
(11,"Argentina","Nicolás Tagliafico",0),
(12,"Argentina","Juan Foyth",1),
(13,"Argentina","Rodrigo De Paul",0),
(14,"Argentina","Leandro Paredes",1),
(15,"Argentina","Alexis Mac Allister",0),
(16,"Argentina","Guido Rodríguez",0),
(17,"Argentina","Alejandro Gómez",0),
(18,"Argentina","Enzo Fernández",0),
(19,"Argentina","Exequiel Palacios",0),
(20,"Argentina","Ángel Di María",1),
(21,"Argentina","Lautaro Martínez",1),
(22,"Argentina","Julián Álvarez",1),
(23,"Argentina","Nicolás González",0),
(24,"Argentina","Joaquín Correa",0),
(25,"Argentina","Paulo Dybala",1),
(26,"Argentina","Marcos Acuña",0),

(1,"Arábia Saudita","Mohamed Al-Owais",0),
(2,"Arábia Saudita","Nawaf Al-Aqidi",0),
(3,"Arábia Saudita","Mohamed Al-Yami",0),
(4,"Arábia Saudita","Yasser Al-Shahrani",0),
(5,"Arábia Saudita","Ali Al-Bulaihi",0),
(6,"Arábia Saudita","Abdulelah Al-Amri",0),
(7,"Arábia Saudita","Abdullah Madu",1),
(8,"Arábia Saudita","Hassan Tambakti",0),
(9,"Arábia Saudita","Sultan Al-Ghanam",0),
(10,"Arábia Saudita","Mohammed Al-Breik",0),
(11,"Arábia Saudita","Saud Abdulhamid",0),
(12,"Arábia Saudita","Salman Al-Faraj",0),
(13,"Arábia Saudita","Riyadh Sharahili",0),
(14,"Arábia Saudita","Ali Al-Hassan",0),
(15,"Arábia Saudita","Mohamed Kanno",0),
(16,"Arábia Saudita","Abdulelah Al-Malki",0),
(17,"Arábia Saudita","Sami Al-Najei",0),
(18,"Arábia Saudita","Abdullah Otayf",0),
(19,"Arábia Saudita","Nasser Al-Dawsari",0),
(20,"Arábia Saudita","Abdulrahman Al-Aboud",0),
(21,"Arábia Saudita","Salem Al-Dawsari",0),
(22,"Arábia Saudita","Hattan Bahebri",1),
(23,"Arábia Saudita","Nawaf Al-Abed",0),
(24,"Arábia Saudita","Haitham Asiri",0),
(25,"Arábia Saudita","Saleh Al-Shehri",0),
(26,"Arábia Saudita","Firas Al-Buraikan",0),

(1,"Austrália","Maty Ryan",0),
(2,"Austrália","Andrew Redmayne",0),
(3,"Austrália","Danny Vukovic",0),
(4,"Austrália","Milos Degenek",0),
(5,"Austrália","Aziz Behich",0),
(6,"Austrália","Joel King",1),
(7,"Austrália","Nathaniel Atkinson",0),
(8,"Austrália","Fran Karacic",0),
(9,"Austrália","Harry Souttar",0),
(10,"Austrália","Kye Rowles",0),
(11,"Austrália","Bailey Wright",0),
(12,"Austrália","Thomas Deng",1),
(13,"Austrália","Aaron Mooy",0),
(14,"Austrália","Jackson Irvine",0),
(15,"Austrália","Ajdin Hrustic",0),
(16,"Austrália","Keanu Baccus",0),
(17,"Austrália","Cameron Devlin",0),
(18,"Austrália","Riley McGree",0),
(19,"Austrália","Awer Mabil",0),
(20,"Austrália","Mathew Leckie",0),
(21,"Austrália","Martin Boyle",0),
(22,"Austrália","Jamie Maclaren",0),
(23,"Austrália","Jason Cummings",0),
(24,"Austrália","Mitchell Duke",0),
(25,"Austrália","Garang Kuol",0),
(26,"Austrália","Craig Goodwin",0),

(1,"Brasil","Alisson",0),
(2,"Brasil","Danilo",0),
(3,"Brasil","Thiago Silva",0),
(4,"Brasil","Marquinhos",0),
(5,"Brasil","Casemiro",1),
(6,"Brasil","Alex Sandro",0),
(7,"Brasil","Lucas Paquetá",0),
(8,"Brasil","Fred",0),
(9,"Brasil","Richarlison",1),
(10,"Brasil","Neymar",0),
(11,"Brasil","Raphinha",0),
(12,"Brasil","Weverton",0),
(13,"Brasil","Daniel Alves",1),
(14,"Brasil","Éder Militão",1),
(15,"Brasil","Fabinho",0),
(16,"Brasil","Alex Telles",1),
(17,"Brasil","Bruno Guimarães",0),
(18,"Brasil","Gabriel Jesus",2),
(19,"Brasil","Antony",0),
(20,"Brasil","Vinícius Júnior",2),
(21,"Brasil","Rodrygo",0),
(22,"Brasil","Everton Ribeiro",1),
(23,"Brasil","Ederson",1),
(24,"Brasil","Bremer",1),
(25,"Brasil","Pedro",0),
(26,"Brasil","Gabriel Martinelli",0),

(1,"Bélgica","Courtois",0),
(2,"Bélgica","Mignolet",0),
(3,"Bélgica","Casteels",1),
(4,"Bélgica","Alderweireld",1),
(5,"Bélgica","Debast",1),
(6,"Bélgica","Faes",0),
(7,"Bélgica","Theate",0),
(8,"Bélgica","Vertonghen",0),
(9,"Bélgica","Castagne",0),
(10,"Bélgica","Meunier",0),
(11,"Bélgica","Dendoncker",0),
(12,"Bélgica","Torgan Hazard",0),
(13,"Bélgica","De Bruyne",0),
(14,"Bélgica","Carrasco",0),
(15,"Bélgica","Onana",1),
(16,"Bélgica","Tielemans",0),
(17,"Bélgica","Vanaken",1),
(18,"Bélgica","Witsel",0),
(19,"Bélgica","De Ketelaere",1),
(20,"Bélgica","Eden Hazard",1),
(21,"Bélgica","Doku",0),
(22,"Bélgica","Mertens",0),
(23,"Bélgica","Trossard",0),
(24,"Bélgica","Batshuayi",0),
(25,"Bélgica","Openda",1),
(26,"Bélgica","Lukaku",1),

(1,"Camarões","Simon Ngapandouetnbu",0),
(2,"Camarões","Devis Epassy",0),
(3,"Camarões","Andre Onana",1),
(4,"Camarões","Nicolas Nkoulou",0),
(5,"Camarões","Nouhou Tolo",0),
(6,"Camarões","Oliver Mbaizo",0),
(7,"Camarões","Collins Fai",0),
(8,"Camarões","Jean-Charles Castelletto",0),
(9,"Camarões","Enzo Ebosse",0),
(10,"Camarões","Christopher Wooh",0),
(11,"Camarões","Olivier Ntcham",0),
(12,"Camarões","Pierre Kunde",0),
(13,"Camarões","Martin Hongla",0),
(14,"Camarões","Samuel Gouet",0),
(15,"Camarões","Gael Ondoa",0),
(16,"Camarões","Andre-Franck Zambo-Anguissa",0),
(17,"Camarões","Moumi Ngamaleu",0),
(18,"Camarões","Jerome Ngom Mbekeli",1),
(19,"Camarões","Jean-Pierre Nsame",0),
(20,"Camarões","Georges-Kevin Nkoudou",0),
(21,"Camarões","Vincent Aboubakar",0),
(22,"Camarões","Karl Toko Ekambi",0),
(23,"Camarões","Bryan Mbeumo",1),
(24,"Camarões","Eric Maxim Choupo-Moting",1),

(1,"Canadá","Milan Borjan",0),
(2,"Canadá","James Pantemis",0),
(3,"Canadá","Dayne St. Clair",0),
(4,"Canadá","Sam Adekugbe",0),
(5,"Canadá","Derek Cornelius",0),
(6,"Canadá","Alistair Johnston",0),
(7,"Canadá","Richie Laryea",0),
(8,"Canadá","Kamal Miller",0),
(9,"Canadá","Steven Vitória",0),
(10,"Canadá","Joel Waterman",1),
(11,"Canadá","Stephen Eustáquio",0),
(12,"Canadá","Liam Fraser",0),
(13,"Canadá","Atiba Hutchinson",2),
(14,"Canadá","Mark-Anthony Kaye",0),
(15,"Canadá","Ismael Kone",0),
(16,"Canadá","Jonathan Osorio",0),
(17,"Canadá","Samuel Piette",0),
(18,"Canadá","David Wotherspoon",0),
(19,"Canadá","Tajon Buchanan",0),
(20,"Canadá","Lucas Cavallini",0),
(21,"Canadá","Jonathan David",0),
(22,"Canadá","Alphonso Davies",0),
(23,"Canadá","Junior Hoilett",0),
(24,"Canadá","Cyle Larin",0),
(25,"Canadá","Liam Millar",0),
(26,"Canadá","Ike Ugbo",1),

(1,"Catar","Saad Al-Sheeb",0),
(2,"Catar","Meshaal Barsham",0),
(3,"Catar","Yousef Hassan",0),
(4,"Catar","Pedro Correia",0),
(5,"Catar","Musab Khoder",1),
(6,"Catar","Tarek Salman",0),
(7,"Catar","Bassam Al-Rawi",0),
(8,"Catar","Boualem Khoukhi",0),
(9,"Catar","Abdelkarim Hassan",1),
(10,"Catar","Ismaeel Mohammad",0),
(11,"Catar","Homam Ahmed",0),
(12,"Catar","Jassem Gaber",0),
(13,"Catar","Ali Asad",0),
(14,"Catar","Assim Madibo",0),
(15,"Catar","Mohammed Waad",0),
(16,"Catar","Salem Al-Hajri",0),
(17,"Catar","Mostafa Tarek Mashaal",0),
(18,"Catar","Karim Boudiaf",0),
(19,"Catar","Abdulaziz Hatem",0),
(20,"Catar","Naif Al-Hadhrami",0),
(21,"Catar","Ahmed Alaaeldin",1),
(22,"Catar","Hassan Al-Haydos",0),
(23,"Catar","Akram Afif",0),
(24,"Catar","Almoez Ali",0),
(25,"Catar","Mohammed Muntari",1),
(26,"Catar","Khalid Muneer Mazeed",0),

(1,"Coreia do Sul","Kim Seung-gyu",0),
(2,"Coreia do Sul","Jo Hyeon-woo",0),
(3,"Coreia do Sul","Song Bum-keun",0),
(4,"Coreia do Sul","Kim Jin-su",0),
(5,"Coreia do Sul","Hong Chul)",0),
(6,"Coreia do Sul","Kim Min-jae",0),
(7,"Coreia do Sul","Kwon Kyung-won",0),
(8,"Coreia do Sul","Kim Moon-hwan",0),
(9,"Coreia do Sul","Kim Tae-hwan",0),
(10,"Coreia do Sul","Cho Yu-min",1),
(11,"Coreia do Sul","Yoon Jong-gyu",0),
(12,"Coreia do Sul","Son Heung-min",0),
(13,"Coreia do Sul","Jung Woo-young",0),
(14,"Coreia do Sul","Lee Jae-sung",0),
(15,"Coreia do Sul","Hwang Hee-chan",0),
(16,"Coreia do Sul","Kwon Chang-hoon",0),
(17,"Coreia do Sul","Hwang In-beom",0),
(18,"Coreia do Sul","Na Sang-ho",0),
(19,"Coreia do Sul","Son Jun-ho",0),
(20,"Coreia do Sul","Paik Seung-ho",0),
(21,"Coreia do Sul","Song Min-kyu",1),
(22,"Coreia do Sul","Jeong Woo-yeong",0),
(23,"Coreia do Sul","Lee Kang-in",0),
(24,"Coreia do Sul","Hwang Ui-jo",0),
(25,"Coreia do Sul","Cho Gue-sung",0),

(1,"Costa Rica","Keylor Navas",0),
(2,"Costa Rica","Esteban Alvarado",0),
(3,"Costa Rica","Patrick Sequeira",0),
(4,"Costa Rica","Francisco Calvo",0),
(5,"Costa Rica","Juan Pablo Vargas",0),
(6,"Costa Rica","Kendall Waston",0),
(7,"Costa Rica","Oscar Duarte",1),
(8,"Costa Rica","Daniel Chacon",0),
(9,"Costa Rica","Keysher Fuller",0),
(10,"Costa Rica","Carlos Martínez",1),
(11,"Costa Rica","Bryan Oviedo",0),
(12,"Costa Rica","Ronald Matarrita",0),
(13,"Costa Rica","Yeltsin Tejeda",0),
(14,"Costa Rica","Celso Borges",0),
(15,"Costa Rica","Youstin Salas",0),
(16,"Costa Rica","Roan Wilson",0),
(17,"Costa Rica","Gerson Torres",0),
(18,"Costa Rica","Douglas Lopez",0),
(19,"Costa Rica","Jewison Bennette",0),
(20,"Costa Rica","Alvaro Zamora",1),
(21,"Costa Rica","Anthony Hernández",0),
(22,"Costa Rica","Brandon Aguilera",0),
(23,"Costa Rica","Bryan Ruiz",0),
(24,"Costa Rica","Joel Campbell",0),
(25,"Costa Rica","Anthony Contreras",0),
(26,"Costa Rica","Johan Venegas",0),

(1,"Croácia","Dominik Livakovic",0),
(2,"Croácia","Ivica Ivusic",0),
(3,"Croácia","Ivo Grbic",0),
(4,"Croácia","Domagoj Vida",0),
(5,"Croácia","Dejan Lovren",2),
(6,"Croácia","Borna Barisic",0),
(7,"Croácia","Josip Juranovic",0),
(8,"Croácia","Josko Gvardiol",0),
(9,"Croácia","Borna Sosa",0),
(10,"Croácia","Luka Modric",0),
(11,"Croácia","Martin Erlic",0),
(12,"Croácia","Josip Sutalo",0),
(13,"Croácia","Josip Stanisic",0),
(14,"Croácia","Mateo Kovacic",0),
(15,"Croácia","Marcelo Brozovic",0),
(16,"Croácia","Mario Pasalic",0),
(17,"Croácia","Nikola Vlasic",1),
(18,"Croácia","Lovro Majer",0),
(19,"Croácia","Kristijan Jakic",1),
(20,"Croácia","Luka Sucic",0),
(21,"Croácia","Ivan Perisic",0),
(22,"Croácia","Andrej Kramaric",0),
(23,"Croácia","Bruno Petkovic",0),
(24,"Croácia","Mislav orsic",0),
(25,"Croácia","Ante Budimir",0),
(26,"Croácia","Marko Livaja",0),

(1,"Dinamarca","Kasper Schmeiche",0),
(2,"Dinamarca","Frederik Rønnow",0),
(3,"Dinamarca","Oliver Christensen",0),
(4,"Dinamarca","Simon Kjaer",0),
(5,"Dinamarca","Joachim Andersen",0),
(6,"Dinamarca","Joakim Maehle",2),
(7,"Dinamarca","Andreas Christensen",0),
(8,"Dinamarca","Rasmus Kristensen",0),
(9,"Dinamarca","Jens Stryger Larsen",0),
(10,"Dinamarca","Victor Nelsson",0),
(11,"Dinamarca","Alexander Bah",0),
(12,"Dinamarca","Daniel Wass",2),
(13,"Dinamarca","Thomas Delaney",1),
(14,"Dinamarca","Mathias Jensen",0),
(15,"Dinamarca","Robert Skov",0),
(16,"Dinamarca","Christian Nørgaard",0),
(17,"Dinamarca","Christian Eriksen",0),
(18,"Dinamarca","Pierre-Emile Hojbjerg",1),
(19,"Dinamarca","Andreas Skov Olsen",0),
(20,"Dinamarca","Jesper Lindstrom",3),
(21,"Dinamarca","Andreas Cornelius",0),
(22,"Dinamarca","Martin Braithwaite",0),
(23,"Dinamarca","Kasper Dolberg",0),
(24,"Dinamarca","Mikkel Damsgaard",0),
(25,"Dinamarca","Yussuf Poulsen",1),
(26,"Dinamarca","Jonas Wind",0),

(1,"Equador","Moisés Ramírez",0),
(2,"Equador","Alexander Domínguez",0),
(3,"Equador","Hernán Galíndez",0),
(4,"Equador","Piero Hincapié",0),
(5,"Equador","Robert Arboleda",0),
(6,"Equador","Pervis Estupiñan",0),
(7,"Equador","Angelo Preciado",1),
(8,"Equador","Jackson Porozo",0),
(9,"Equador","Diego Palacios",0),
(10,"Equador","Félix Torres",2),
(11,"Equador","Xavier Arreaga",0),
(12,"Equador","William Pacho",0),
(13,"Equador","Carlos Gruezo",0),
(14,"Equador","José Cifuentes",0),
(15,"Equador","Alan Franco",0),
(16,"Equador","Moisés Caicedo",0),
(17,"Equador","Ángel Mena",0),
(18,"Equador","Jeremy Sarmiento",0),
(19,"Equador","Jhegson Méndez",0),
(20,"Equador","Ayrton Preciado",0),
(21,"Equador","Gonzalo Plata",1),
(22,"Equador","Romario Ibarra",1),
(23,"Equador","Djorkaeff Reasco",1),
(24,"Equador","Kevin Rodríguez",0),
(25,"Equador","Michael Estrada",0),
(26,"Equador","Enner Valencia",0),

(1,"Espanha","Unai Simón",0),
(2,"Espanha","Robert Sánchez",0),
(3,"Espanha","David Raya",0),
(4,"Espanha","Dani Carvajal",0),
(5,"Espanha","Cesar Azpilicueta",1),
(6,"Espanha","Eric García",0),
(7,"Espanha","Hugo Guillamón",0),
(8,"Espanha","Pau Torres",0),
(9,"Espanha","Aymeric Laporte",0),
(10,"Espanha","Jordi Alba",0),
(11,"Espanha","Jose Gayà",0),
(12,"Espanha","Sergio Busquets",1),
(13,"Espanha","Rodri",0),
(14,"Espanha","Gavi",0),
(15,"Espanha","Carlos Soler",0),
(16,"Espanha","Marcos Llorente",0),
(17,"Espanha","Pedri",1),
(18,"Espanha","Koke",0),
(19,"Espanha","Ferran Torres",0),
(20,"Espanha","Nico Williams",1),
(21,"Espanha","Yeremy Pino",1),
(22,"Espanha","Álvaro Morata",1),
(23,"Espanha","Marco Asensio",0),
(24,"Espanha","Pablo Sarabia",0),
(25,"Espanha","Dani Olmo",0),
(26,"Espanha","Ansu Fati",0),

(1,"Estados Unidos","Ethan Horvath",0),
(2,"Estados Unidos","Sean Johnson",0),
(3,"Estados Unidos","Matt Turne",0),
(4,"Estados Unidos","Carter-Vickers",0),
(5,"Estados Unidos","Sergiño Dest",0),
(6,"Estados Unidos","Aaron Long",0),
(7,"Estados Unidos","Shaq Moore",0),
(8,"Estados Unidos","Tim Ream",0),
(9,"Estados Unidos","Antonee Robinson",0),
(10,"Estados Unidos","Joe Scally",0),
(11,"Estados Unidos","DeAndre Yedlin",0),
(12,"Estados Unidos","Walker Zimmerman",0),
(13,"Estados Unidos","Brenden Aaronson",1),
(14,"Estados Unidos","Kellyn Acosta",0),
(15,"Estados Unidos","Tyler Adams",1),
(16,"Estados Unidos","Luca de la Torre",0),
(17,"Estados Unidos","Weston McKennie",0),
(18,"Estados Unidos","Yunus Musah",0),
(19,"Estados Unidos","Cristian Roldan",0),
(20,"Estados Unidos","Jesús Ferreira",0),
(21,"Estados Unidos","Jordan Morris",0),
(22,"Estados Unidos","Christian Pulisic",1),
(23,"Estados Unidos","Gio Reyna",0),
(24,"Estados Unidos","Josh Sargent",0),
(25,"Estados Unidos","Tim Weah",0),
(26,"Estados Unidos","Haji Wright",0),

(1,"França","Alphone Areola",0),
(2,"França","Hugo Lloris",0),
(3,"França","Steve Mandanda",0),
(4,"França","Lucas Hernandez",0),
(5,"França","Théo Hernandez",0),
(6,"França","Presnem Kimpembe",0),
(7,"França","Ibrahima Konaté",0),
(8,"França","Jules Koundé",2),
(9,"França","Benjamin Pavard",1),
(10,"França","William Saliba",1),
(11,"França","Dayot Upamecano",0),
(12,"França","Raphael Varane",0),
(13,"França","Eduardo Camavinga",0),
(14,"França","Youssouf Fofana",0),
(15,"França","Mattéo Guendouzi",0),
(16,"França","Adrien Rabiot",0),
(17,"França","Aurélien Tchouaméni",0),
(18,"França","Jordan Veretout",0),
(19,"França","Karim Benzema",0),
(20,"França","Kingsley Coman",0),
(21,"França","Ousmane Dembélé",1),
(22,"França","Olivier Giroud",0),
(23,"França","Antoine Griezmann",0),
(24,"França","Kylian Mbappé",0),
(25,"França","Christophwer Nkunku",0),

(1,"Gana","Manaf Nurudeen",0),
(2,"Gana","Danlad Ibrahim",0),
(3,"Gana","Lawrence Ati Zigi",0),
(4,"Gana","Denis Odoi",1),
(5,"Gana","Tariq Lamptey",1),
(6,"Gana","Alidu Seidu",0),
(7,"Gana","Daniel Amartey",0),
(8,"Gana","Joseph Aidoo",0),
(9,"Gana","Alexander Djiku",0),
(10,"Gana","Mohammed Salisu",0),
(11,"Gana","Abdul-Rahman Baba",1),
(12,"Gana","Gideoh Mensah",0),
(13,"Gana","Andre Ayew",0),
(14,"Gana","Thomas Partey",0),
(15,"Gana","Elisha Owusu",0),
(16,"Gana","Salis Abdul Samed",0),
(17,"Gana","Mohammed Kudus",0),
(18,"Gana","Daniel Kofi Kyereh",1),
(19,"Gana","Daniel Barnieh Afriyie",0),
(20,"Gana","Kamal Sowah",0),
(21,"Gana","Issahaku Abdul Fatawu",0),
(22,"Gana","Osman Bukari",1),
(23,"Gana","Iñaki Williams",0),
(24,"Gana","Jordan Ayew",1),
(25,"Gana","Kamaldeen Sulemana",0),

(1,"Inglaterra","Jordan Pickford",0),
(2,"Inglaterra","Nick Pope",0),
(3,"Inglaterra","Aaron Ramsdale",0),
(4,"Inglaterra","Trent Alexander-Arnold",1),
(5,"Inglaterra","Conor Coady",2),
(6,"Inglaterra","Eric Dier",0),
(7,"Inglaterra","Harry Maguire",2),
(8,"Inglaterra","Luke Shaw",0),
(9,"Inglaterra","John Stones",0),
(10,"Inglaterra","Kieran Trippier",0),
(11,"Inglaterra","Kyle Walker",0),
(12,"Inglaterra","Ben White",0),
(13,"Inglaterra","Jude Bellingham",0),
(14,"Inglaterra","Conor Gallagher",0),
(15,"Inglaterra","Jordan Henderson",0),
(16,"Inglaterra","Mason Mount",0),
(17,"Inglaterra","Kalvin Phillips",0),
(18,"Inglaterra","Declan Rice",0),
(19,"Inglaterra","Phil Foden",0),
(20,"Inglaterra","Jack Grealish",1),
(21,"Inglaterra","Harry Kane",0),
(22,"Inglaterra","James Maddison",0),
(23,"Inglaterra","Marcus Rashford",0),
(24,"Inglaterra","Bukayo Saka",1),
(25,"Inglaterra","Raheem Sterling",1),
(26,"Inglaterra","Callum Wilson",0),

(1,"Irão","Alireza Beiranvand",0),
(2,"Irão","Amir Abedzadeh",0),
(3,"Irão","Payam Niazmand",0),
(4,"Irão","Hossein Hossein",0),
(5,"Irão","Majid Hosseini",0),
(6,"Irão","Hossein Kanaani",0),
(7,"Irão","Shoja Khalilzadeh",0),
(8,"Irão","Morteza Pouraliganji",0),
(9,"Irão","Sadegh Moharrami",0),
(10,"Irão","Milad Mohammadi",0),
(11,"Irão","Ehsan Hajsafi",0),
(12,"Irão","Ramin Rezaeian",0),
(13,"Irão","Abolfazl Jalali",0),
(14,"Irão","Saeid Ezatolahi",0),
(15,"Irão","Ali Karimi",1),
(16,"Irão","Ahmad Nourollahi",0),
(17,"Irão","Rouzbeh Cheshmi",0),
(18,"Irão","Vahid Amiri",0),
(19,"Irão","Saman Goddos",0),
(20,"Irão","Alireza Jahanbakhsh",0),
(21,"Irão","Ali Gholizadeh",0),
(22,"Irão","Mehdi Torabi",0),
(23,"Irão","Sardar Azmoun",0),
(24,"Irão","Mehdi Taremi",1),
(25,"Irão","Karim Ansarifard",0),

(1,"Japão","Shuichi Gonda",0),
(2,"Japão","Daniel Schmidt",0),
(3,"Japão","Eiji Kawashima",0),
(4,"Japão","Miki Yamane",0),
(5,"Japão","Hiroki Sakai",0),
(6,"Japão","Maya Yoshida",0),
(7,"Japão","Takehiro Tomiyasu",0),
(8,"Japão","Shogo Taniguchi",0),
(9,"Japão","Ko Itakura",0),
(10,"Japão","Hiroki Ito",0),
(11,"Japão","Yuto Nagatomo",0),
(12,"Japão","Wataru Endo,Hidemasa Morita",0),
(13,"Japão","Ao Tanaka",0),
(14,"Japão","Gaku Shibasaki",0),
(15,"Japão","Kaoru Mitoma",0),
(16,"Japão","Daichi Kamada",0),
(17,"Japão","Ritsu Doan",0),
(18,"Japão","Junya Ito",0),
(19,"Japão","Takumi Minamino",1),
(20,"Japão","Takefusa Kubo",0),
(21,"Japão","Yuki Soma",0),
(22,"Japão","Daizen Maeda",0),
(23,"Japão","Takuma Asano",0),
(24,"Japão","Shuto Machino",0),
(25,"Japão","Ayase Ueda",1),
(26,"Japão","Yuya Osako",0),

(1,"Marrocos","Ahmed Reda Tagnaouti",0),
(2,"Marrocos","Yassine Bono",0),
(3,"Marrocos","Munir El Kajoui Mohamedi",0),
(4,"Marrocos","Achraf Hakimi",0),
(5,"Marrocos","Noussair Mazraoui",0),
(6,"Marrocos","Nayef Aguerd",0),
(7,"Marrocos","Romain Saiss",0),
(8,"Marrocos","Achraf Dari",0),
(9,"Marrocos","Jawad El Yamiq",1),
(10,"Marrocos","Yahya Attiatallah",1),
(11,"Marrocos","Badr Benoun",1),
(12,"Marrocos","Sofyan Amrabat",0),
(13,"Marrocos","Abdelhamid Sabiri",0),
(14,"Marrocos","Selim Amallah",0),
(15,"Marrocos","Azzedine Ounahi",0),
(16,"Marrocos","Bilal El Khannous",0),
(17,"Marrocos","Yahya Jabrane",0),
(18,"Marrocos","Amine Harit",0),
(19,"Marrocos","Hakim Ziyech",1),
(20,"Marrocos","Sofiane Boufal",0),
(21,"Marrocos","Abde Ezzalzouli",0),
(22,"Marrocos","Zakaria Aboukhlal",0),
(23,"Marrocos","Ilias Chair",0),
(24,"Marrocos","Youssef En-Nesyri",0),
(25,"Marrocos","Walid Cheddira",0),
(26,"Marrocos","Abderrazak Hamdallah",0),

(1,"México","Guillermo Ochoa",0),
(2,"México","Alfredo Talavera",0),
(3,"México","Rodolfo Cota",0),
(4,"México","Jorge Sánchez",0),
(5,"México","Kevin Álvarez",0),
(6,"México","Néstor Araújo",0),
(7,"México","José Juan Vázquez",0),
(8,"México","Héctor Moreno",0),
(9,"México","César Montes",0),
(10,"México","Gerardo Arteaga",0),
(11,"México","Jesús Gallardo",0),
(12,"México","Andrés Guardado",0),
(13,"México","Héctor Herrera",0),
(14,"México","Carlos Alberto Rodriguez",0),
(15,"México","Erick Gutiérrez",0),
(16,"México","Luis Chávez",1),
(17,"México","Edson Alvaréz",0),
(18,"México","orbelin Pineda",0),
(19,"México","Luis Romo",0),
(20,"México","Roberto Alvarado",1),
(21,"México","Alexis Vega",0),
(22,"México","Hirving Lozano",0),
(23,"México","Raul Jiménez",0),
(24,"México","Uriel Antun",0),
(25,"México","Henry Martín",1),
(26,"México","Rogelio Funes Mori",0),

(1,"País de Gales","Wayne Hennessey",0),
(2,"País de Gales","Danny Ward",0),
(3,"País de Gales","Adam Davies",0),
(4,"País de Gales","Ben Davies",0),
(5,"País de Gales","Ben Cabango",0),
(6,"País de Gales","Tom Lockyer",0),
(7,"País de Gales","Joe Rodon",0),
(8,"País de Gales","Chris Mepham",0),
(9,"País de Gales","Ethan Ampadu",0),
(10,"País de Gales","Chris Gunter",0),
(11,"País de Gales","Neco Williams",1),
(12,"País de Gales","Connor Roberts",0),
(13,"País de Gales","Sorba Thomas",0),
(14,"País de Gales","Joe Allen",0),
(15,"País de Gales","Matthew Smith",0),
(16,"País de Gales","Dylan Levitt",1),
(17,"País de Gales","Harry Wilson",1),
(18,"País de Gales","Joe Morrell",1),
(19,"País de Gales","Jonny Williams",0),
(20,"País de Gales","Aaron Ramsey",0),
(21,"País de Gales","Rubin Colwill",2),
(22,"País de Gales","Gareth Bale",0),
(23,"País de Gales","Kieffer Moore",0),
(24,"País de Gales","Mark Harris",1),
(25,"País de Gales","Brennan Johnson",0),
(26,"País de Gales","Daniel James",0),

(1,"Países Baixos","Justin Bijlow",0),
(2,"Países Baixos","Andries Noppert",0),
(3,"Países Baixos","Remko Pasveer",0),
(4,"Países Baixos","Virgil Van Dijk",0),
(5,"Países Baixos","Nathan Aké",1),
(6,"Países Baixos","Daley Blind",1),
(7,"Países Baixos","Jurrien Timber",0),
(8,"Países Baixos","Denzel Dumfries",0),
(9,"Países Baixos","Stefan De Vrij",0),
(10,"Países Baixos","Matthijs De Ligt",0),
(11,"Países Baixos","Tyrell Malacia",0),
(12,"Países Baixos","Jeremie Frimpong",0),
(13,"Países Baixos","Frenkie De Jong",1),
(14,"Países Baixos","Steven Berghuis",1),
(15,"Países Baixos","Davy Klaassen",0),
(16,"Países Baixos","Teun Koopmeiners",0),
(17,"Países Baixos","Cody Gakpo",0),
(18,"Países Baixos","Marten De Roon",1),
(19,"Países Baixos","Kenneth Taylor",0),
(20,"Países Baixos","Xavi Simons",0),
(21,"Países Baixos","Memphis Depay",1),
(22,"Países Baixos","Steven Bergwijn",1),
(23,"Países Baixos","Vincent Janssen",0),
(24,"Países Baixos","Luuk De Jong",1),
(25,"Países Baixos","Noa Lang",1),
(26,"Países Baixos","Wout Weghorst",0),

(1,"Polónia","Dragowski",0),
(2,"Polónia","Skorupski",0),
(3,"Polónia","Szcnesny",0),
(4,"Polónia","Bednarek",0),
(5,"Polónia","Bereszynski",0),
(6,"Polónia","Cash",0),
(7,"Polónia","Glik",0),
(8,"Polónia","Gumny",0),
(9,"Polónia","Jedrzejczyk",0),
(10,"Polónia","Kiwior",0),
(11,"Polónia","Wieteska",0),
(12,"Polónia","Zalewski",0),
(13,"Polónia","Bielik",0),
(14,"Polónia","Frankowski",0),
(15,"Polónia","Kaminski",0),
(16,"Polónia","Krychoviak",0),
(17,"Polónia","Skoras",0),
(18,"Polónia","D. Szymanski",0),
(19,"Polónia","S. Szymanski",0),
(20,"Polónia","Zielinski",0),
(21,"Polónia","Zurkowski",0),
(22,"Polónia","Lewandowski",0),
(23,"Polónia","Milik",1),
(24,"Polónia","Piatek",0),
(25,"Polónia","Swiderski",0),

(1,"Portugal","Rui Patrício",0),
(2,"Portugal","Diogo Dalot",0),
(3,"Portugal","Pepe",0),
(4,"Portugal","Ruben Dias",2),
(5,"Portugal","Raphael Guerreiro",0),
(6,"Portugal","João Palhinha",2),
(7,"Portugal","Cristiano Ronaldo",1),
(8,"Portugal","Bruno Fernandes",1),
(9,"Portugal","André Silva",1),
(10,"Portugal","Bernardo Silva",2),
(11,"Portugal","Matheus Nunes",1),
(12,"Portugal","José Sá",0),
(13,"Portugal","Danilo",1),
(14,"Portugal","William Carvalho",1),
(15,"Portugal","Rafael Leão",0),
(16,"Portugal","Otávio",1),
(17,"Portugal","João Mário",0),
(18,"Portugal","Rúben Neves",0),
(19,"Portugal","Gonçalo Ramos",0),
(20,"Portugal","João Cancelo",0),
(21,"Portugal","Ricardo Horta.",0),
(22,"Portugal","Diogo Costa",0),
(23,"Portugal","João Félix",1),
(24,"Portugal","Vitinha",0),
(25,"Portugal","Nuno Mendes",2),
(26,"Portugal","António Silva",1),

(1,"Senegal","Edouard Mendy",0),
(2,"Senegal","Alfred Gomis",0),
(3,"Senegal","Seny Dieng",0),
(4,"Senegal","Gana Gueye",0),
(5,"Senegal","Cheikhou Kouyate",0),
(6,"Senegal","Nampalys Mendy",0),
(7,"Senegal","Krepin Diatta",0),
(8,"Senegal","Pape Gueye",0),
(9,"Senegal","Pape Sarr",0),
(10,"Senegal","Pathé Ciss",0),
(11,"Senegal","Moustapha Name",0),
(12,"Senegal","Loum Ndiaye",0),
(13,"Senegal","Kalidou Koulibaly",0),
(14,"Senegal","Abdou Diallo",0),
(15,"Senegal","Youssouf Diallo",0),
(16,"Senegal","Fode Ballo Touré",0),
(17,"Senegal","Pape Abou Cissé",0),
(18,"Senegal","Ismail Jakobs",0),
(19,"Senegal","Formose Mendy",0),
(20,"Senegal","Sadio Mané",1),
(21,"Senegal","Ismaila Sarr",0),
(22,"Senegal","Boulaye Dia",1),
(23,"Senegal","Bamba Dieng",1),
(24,"Senegal","Famara Diedhiou",0),
(25,"Senegal","Nicolas Jackson",0),
(26,"Senegal","Iliman Ndiaye",0),

(1,"Suiça","Yann Sommer",0),
(2,"Suiça","Gregor Kobel",0),
(3,"Suiça","Phillip Kohn",0),
(4,"Suiça","Jonas Omlin",0),
(5,"Suiça","Manuel Akanji",0),
(6,"Suiça","Eray Comert",0),
(7,"Suiça","Nico Elvedi",0),
(8,"Suiça","Ricardo Rodríguez",0),
(9,"Suiça","Fabian Schar",0),
(10,"Suiça","Silvan Widmer",0),
(11,"Suiça","Michel Aebischer",0),
(12,"Suiça","Edimilson Fernandes",0),
(13,"Suiça","Fabian Frei",0),
(14,"Suiça","Remo Freuler",0),
(15,"Suiça","Ardon Jashari",0),
(16,"Suiça","Fabian Rieder",0),
(17,"Suiça","Djibril Sow",0),
(18,"Suiça","Rubén Vargas",0),
(19,"Suiça","Granit Xhaka",0),
(20,"Suiça","Denis Zakaria",0),
(21,"Suiça","Breel Embolo",0),
(22,"Suiça","Christian Fassnacht",0),
(23,"Suiça","Noah Okafor",0),
(24,"Suiça","Haris Seferovic",1),
(25,"Suiça","Xherdan Shaqiri",0),
(26,"Suiça","Renato Steffen",0),

(1,"Sérvia","Vanja Milinković Savić",0),
(2,"Sérvia","Predrag Rajković",0),
(3,"Sérvia","Marko Dmitrović",0),
(4,"Sérvia","Nikola Milenkovic",0),
(5,"Sérvia","Miloš Veljković",1),
(6,"Sérvia","Strahinja Pavlović",0),
(7,"Sérvia","Stefan Mitrović",0),
(8,"Sérvia","Strahinja Erakovic",0),
(9,"Sérvia","Srđan Babić",0),
(10,"Sérvia","Darko Lazović",0),
(11,"Sérvia","Andrija Živković",0),
(12,"Sérvia","Nemanja Radonjić",0),
(13,"Sérvia","Filip Kostic",0),
(14,"Sérvia","Filip Mladenović",0),
(15,"Sérvia","Nemanja Gudelj",0),
(16,"Sérvia","Saša Lukić",0),
(17,"Sérvia","Nemanja Maksimović",0),
(18,"Sérvia","Sergej Milinković-Savić",0),
(19,"Sérvia","Dušan Tadić",0),
(20,"Sérvia","Ivan Ilić",0),
(21,"Sérvia","Marko Grujic",0),
(22,"Sérvia","Uroš Račić",0),
(23,"Sérvia","Filip Djuricic",0),
(24,"Sérvia","Aleksandar Mitrović",0),
(25,"Sérvia","Dušan Vlahović",0),
(26,"Sérvia","Luka Jović",0),

(1,"Tunísia","Aymen Dahmen",0),
(2,"Tunísia","Béchir Ben Said",0),
(3,"Tunísia","Aymen Balbouli",1),
(4,"Tunísia","Moez Hassan",0),
(5,"Tunísia","Mohamed Drager",0),
(6,"Tunísia","Wajdi Kechrida",1),
(7,"Tunísia","Montasser Talbi",0),
(8,"Tunísia","Yassine Meriah",0),
(9,"Tunísia","Nader Ghandri",0),
(10,"Tunísia","Dylan Bronn",0),
(11,"Tunísia","Bilel Iffa",0),
(12,"Tunísia","Ali Avbi",0),
(13,"Tunísia","Ali Maâloul",0),
(14,"Tunísia","Ellyes Skhiri",0),
(15,"Tunísia","Aissa Laidouni",0),
(16,"Tunísia","Mohamed Ali Ben Romdhane",0),
(17,"Tunísia","Ghaylan Chaâlali",0),
(18,"Tunísia","Hannibak Mejbri",0),
(19,"Tunísia","Ferjani Sassi",0),
(20,"Tunísia","Anis Ben Slimane",0),
(21,"Tunísia","Naim Sliti",0),
(22,"Tunísia","Wahbi Khazri",0),
(23,"Tunísia","Yousseff Msakni",0),
(24,"Tunísia","Taha Yassine Khenissi",0),
(25,"Tunísia","Issam Jebali",0),
(26,"Tunísia","Seifeddine Jaziri",0),

(1,"Uruguai","Sergio Rochet",0),
(2,"Uruguai","Fernando Muslera",0),
(3,"Uruguai","Sebastián Sosa",0),
(4,"Uruguai","Ronald Araújo",0),
(5,"Uruguai","José Luis Rodríguez",0),
(6,"Uruguai","Guillermo Varela",0),
(7,"Uruguai","Josema Giménez",0),
(8,"Uruguai","Sebastián Coates",0),
(9,"Uruguai","Diego Godín",1),
(10,"Uruguai","Martín Cáceres",0),
(11,"Uruguai","Matías Viña",0),
(12,"Uruguai","Mathías Olivera",0),
(13,"Uruguai","Matías Vecino",0),
(14,"Uruguai","Rodrigo Bentancur",0),
(15,"Uruguai","Federico Valverde",0),
(16,"Uruguai","Lucas Torreira",0),
(17,"Uruguai","Manuel Ugarte",0),
(18,"Uruguai","Facundo Pellistri",0),
(19,"Uruguai","Nicolás De la Cruz",0),
(20,"Uruguai","Giorgian de Arrascaeta",0),
(21,"Uruguai","Facundo Torres",1),
(22,"Uruguai","Darwin Núñez",1),
(23,"Uruguai","Luis Suárez",1),
(24,"Uruguai","Edinson Cavani",0),
(25,"Uruguai","Maximiliano Gómez",0),
(26,"Uruguai","Agustín Canobbio",0);

INSERT INTO Estadio VALUES 
("Lusail Iconic","Lusail",80000),
("Al-Bayt","Al-Khor",60000),
("Khalifa International","Al-Rayyan",45416),
("Education City","Al-Rayyan",40000),
("Al-Rayyan","Al-Rayyan",40000),
("Ras Abu Aboud","Doha",40000),
("Al-Thumama","Doha",40000),
("Al-Wakrah","Al-Wakra",40000);

INSERT INTO Jornada VALUES
(1,"grupos"),
(2,"grupos"),
(3,"grupos"),
(4,"oitavas de final"),
(5,"quartas de final"),
(6,"semifinais"),
(7,"jogo para o 3º lugar"),
(8,"final");

INSERT INTO Partida VALUES
(101,2,2,'2022-11-20','16:00:00',90,"Al-Bayt",1,"Catar","Equador"),
(102,2,1,'2022-11-21','13:00:00',90,"Khalifa International",1,"Inglaterra","Irão"),
(103,1,3,'2022-11-21','16:00:00',90,"Al-Thumama",1,"Senegal","Países Baixos"),
(104,0,3,'2022-11-21','19:00:00',90,"Al-Rayyan",1,"Estados Unidos","País de Gales"),
(105,3,0,'2022-11-22','10:00:00',90,"Lusail Iconic",1,"Argentina","Arábia Saudita"),
(106,1,0,'2022-11-22','13:00:00',90,"Education City",1,"Dinamarca","Tunísia"),
(107,1,1,'2022-11-22','16:00:00',90,"Ras Abu Aboud",1,"México","Polónia"),
(108,1,1,'2022-11-22','19:00:00',90,"Al-Wakrah",1,"França","Austrália"),
(109,2,1,'2022-11-23','10:00:00',90,"Al-Bayt",1,"Marrocos","Croácia"),
(110,1,1,'2022-11-23','13:00:00',90,"Khalifa International",1,"Alemanha","Japão"),
(111,2,1,'2022-11-23','16:00:00',90,"Al-Thumama",1,"Espanha","Costa Rica"),
(112,4,1,'2022-11-23','19:00:00',90,"Al-Rayyan",1,"Bélgica","Canadá"),
(113,1,2,'2022-11-24','10:00:00',90,"Al-Wakrah",1,"Suiça","Camarões"),
(114,1,0,'2022-11-24','13:00:00',90,"Education City",1,"Uruguai","Coreia do Sul"),
(115,2,1,'2022-11-24','16:00:00',90,"Ras Abu Aboud",1,"Portugal","Gana"),
(116,3,0,'2022-11-24','19:00:00',90,"Lusail Iconic",1,"Brasil","Sérvia"),

(201,1,0,'2022-11-25','10:00:00',90,"Al-Rayyan",2,"País de Gales","Irão"),
(202,1,1,'2022-11-25','13:00:00',90,"Al-Thumama",2,"Catar","Senegal"),
(203,2,2,'2022-11-25','16:00:00',90,"Khalifa International",2,"Países Baixos","Equador"),
(204,1,2,'2022-11-25','19:00:00',90,"Al-Bayt",2,"Inglaterra","Estados Unidos"),
(205,1,1,'2022-11-26','10:00:00',90,"Al-Wakrah",2,"Tunísia","Austrália"),
(206,0,2,'2022-11-26','13:00:00',90,"Education City",2,"Polónia","Arábia Saudita"),
(207,1,1,'2022-11-26','16:00:00',90,"Ras Abu Aboud",2,"França","Dinamarca"),
(208,1,0,'2022-11-26','19:00:00',90,"Lusail Iconic",2,"Argentina","México"),
(209,1,2,'2022-11-27','10:00:00',90,"Al-Rayyan",2,"Japão","Costa Rica"),
(210,2,0,'2022-11-27','13:00:00',90,"Al-Thumama",2,"Bélgica","Marrocos"),
(211,4,0,'2022-11-27','16:00:00',90,"Khalifa International",2,"Croácia","Canadá"),
(212,2,3,'2022-11-27','19:00:00',90,"Al-Bayt",2,"Espanha","Alemanha"),
(213,2,1,'2022-11-28','10:00:00',90,"Al-Wakrah",2,"Camarões","Sérvia"),
(214,0,3,'2022-11-28','13:00:00',90,"Education City",2,"Coreia do Sul","Gana"),
(215,3,0,'2022-11-28','16:00:00',90,"Ras Abu Aboud",2,"Brasil","Suiça"),
(216,3,1,'2022-11-28','19:00:00',90,"Lusail Iconic",2,"Portugal","Uruguai"),

(301,2,1,'2022-11-29','15:00:00',90,"Al-Bayt",3,"Equador","Senegal"),
(302,2,1,'2022-11-29','15:00:00',90,"Khalifa International",3,"Países Baixos","Catar"),
(303,1,1,'2022-11-29','19:00:00',90,"Al-Rayyan",3,"Irão","Estados Unidos"),
(304,2,4,'2022-11-29','19:00:00',90,"Al-Thumama",3,"País de Gales","Inglaterra"),
(305,0,4,'2022-11-30','15:00:00',90,"Education City",3,"Austrália","Dinamarca"),
(306,1,3,'2022-11-30','15:00:00',90,"Al-Wakrah",3,"Tunísia","França"),
(307,0,2,'2022-11-30','19:00:00',90,"Ras Abu Aboud",3,"Arábia Saudita","México"),
(308,0,2,'2022-11-30','19:00:00',90,"Lusail Iconic",3,"Polónia","Argentina"),
(309,3,2,'2022-12-01','15:00:00',90,"Al-Rayyan",3,"Canadá","Marrocos"),
(310,0,0,'2022-12-01','15:00:00',90,"Al-Thumama",3,"Croácia","Bélgica"),
(311,0,1,'2022-12-01','19:00:00',90,"Khalifa International",3,"Costa Rica","Alemanha"),
(312,0,1,'2022-12-01','19:00:00',90,"Al-Bayt",3,"Japão","Espanha"),
(313,2,4,'2022-12-02','15:00:00',90,"Al-Wakrah",3,"Coreia do Sul","Portugal"),
(314,2,2,'2022-12-02','15:00:00',90,"Education City",3,"Gana","Uruguai"),
(315,1,1,'2022-12-02','19:00:00',90,"Ras Abu Aboud",3,"Camarões","Brasil"),
(316,0,0,'2022-12-02','19:00:00',90,"Lusail Iconic",3,"Sérvia","Suiça"),

(401,3,1,'2022-12-03','15:00:00',90,"Khalifa International",4,"Países Baixos","País de Gales"),
(402,2,1,'2022-12-03','19:00:00',120,"Al-Rayyan",4,"Argentina","França"),
(403,2,0,'2022-12-04','15:00:00',90,"Al-Thumama",4,"Dinamarca","México"),
(404,1,0,'2022-12-04','19:00:00',120,"Al-Bayt",4,"Inglaterra","Equador"),
(405,2,0,'2022-12-05','15:00:00',90,"Ras Abu Aboud",4,"Alemanha","Croácia"),
(406,4,0,'2022-12-05','19:00:00',90,"Al-Wakrah",4,"Brasil","Gana"),
(407,3,2,'2022-12-06','15:00:00',90,"Education City",4,"Bélgica","Espanha"),
(408,3,0,'2022-12-06','19:00:00',90,"Lusail Iconic",4,"Portugal","Camarões"),

(501,0,1,'2022-12-09','15:00:00',90,"Education City",5,"Alemanha","Brasil"),
(502,0,3,'2022-12-09','19:00:00',90,"Lusail Iconic",5,"Países Baixos","Argentina"),
(503,1,2,'2022-12-10','15:00:00',120,"Al-Thumama",5,"Bélgica","Portugal"),
(504,2,0,'2022-12-10','19:00:00',90,"Al-Bayt",5,"Dinamarca","Inglaterra"),

(601,1,0,'2022-12-13','15:00:00',120,"Lusail Iconic",6,"Argentina","Brasil"),
(602,0,2,'2022-12-14','19:00:00',90,"Al-Bayt",6,"Dinamarca","Portugal"),

(701,3,0,'2022-12-18','15:00:00',90,"Lusail Iconic",7,"Brasil","Dinamarca"),

(801,2,3,'2022-12-18','15:00:00',120,"Lusail Iconic",7,"Argentina","Portugal");

INSERT INTO Evento VALUES
(101011, 11, 101),
(101026, 26, 101),
(101029, 29, 101),
(101033, 33, 101),
(101035, 35, 101),
(101041, 41, 101),
(101043, 43, 101),
(101056, 56, 101),
(101058, 58, 101),
(101066, 66, 101),
(101075, 75, 101),
(101077, 77, 101),
(101080, 80, 101),
(101085, 85, 101),
(101086, 86, 101),
(101091, 91, 101),
(102020, 20, 102),
(102037, 37, 102),
(102048, 48, 102),
(102051, 51, 102),
(102057, 57, 102),
(102060, 60, 102),
(102067, 67, 102),
(102071, 71, 102),
(102072, 72, 102),
(102073, 73, 102),
(102076, 76, 102),
(102078, 78, 102),
(102089, 89, 102),
(102090, 90, 102),
(103010, 10, 103),
(103017, 17, 103),
(103020, 20, 103),
(103029, 29, 103),
(103030, 30, 103),
(103041, 41, 103),
(103043, 43, 103),
(103045, 45, 103),
(103046, 46, 103),
(103050, 50, 103),
(103053, 53, 103),
(103056, 56, 103),
(103057, 57, 103),
(103059, 59, 103),
(103063, 63, 103),
(103075, 75, 103),
(103081, 81, 103),
(103082, 82, 103),
(103086, 86, 103),
(104006, 6, 104),
(104011, 11, 104),
(104024, 24, 104),
(104027, 27, 104),
(104031, 31, 104),
(104033, 33, 104),
(104038, 38, 104),
(104039, 39, 104),
(104042, 42, 104),
(104045, 45, 104),
(104050, 50, 104),
(104070, 70, 104),
(104072, 72, 104),
(104080, 80, 104),
(104086, 86, 104),
(104088, 88, 104),
(104090, 90, 104),
(105020, 20, 105),
(105023, 23, 105),
(105025, 25, 105),
(105037, 37, 105),
(105040, 40, 105),
(105042, 42, 105),
(105043, 43, 105),
(105048, 48, 105),
(105051, 51, 105),
(105070, 70, 105),
(105074, 74, 105),
(105076, 76, 105),
(105079, 79, 105),
(106007, 7, 106),
(106023, 23, 106),
(106026, 26, 106),
(106035, 35, 106),
(106037, 37, 106),
(106038, 38, 106),
(106041, 41, 106),
(106043, 43, 106),
(106044, 44, 106),
(106055, 55, 106),
(106059, 59, 106),
(106061, 61, 106),
(106072, 72, 106),
(106074, 74, 106),
(106089, 89, 106),
(107039, 39, 107),
(107043, 43, 107),
(107047, 47, 107),
(107048, 48, 107),
(107049, 49, 107),
(107051, 51, 107),
(107064, 64, 107),
(107066, 66, 107),
(107081, 81, 107),
(107082, 82, 107),
(107083, 83, 107),
(107087, 87, 107),
(108015, 15, 108),
(108025, 25, 108),
(108035, 35, 108),
(108037, 37, 108),
(108042, 42, 108),
(108063, 63, 108),
(108070, 70, 108),
(108075, 75, 108),
(108079, 79, 108),
(108089, 89, 108),
(108091, 91, 108),
(109014, 14, 109),
(109017, 17, 109),
(109029, 29, 109),
(109039, 39, 109),
(109040, 40, 109),
(109047, 47, 109),
(109050, 50, 109),
(109052, 52, 109),
(109055, 55, 109),
(109058, 58, 109),
(109063, 63, 109),
(109066, 66, 109),
(109075, 75, 109),
(109077, 77, 109),
(109080, 80, 109),
(110035, 35, 110),
(110038, 38, 110),
(110042, 42, 110),
(110047, 47, 110),
(110048, 48, 110),
(110052, 52, 110),
(110055, 55, 110),
(110061, 61, 110),
(110062, 62, 110),
(110065, 65, 110),
(110068, 68, 110),
(110074, 74, 110),
(110080, 80, 110),
(110086, 86, 110),
(110089, 89, 110),
(111009, 9, 111),
(111030, 30, 111),
(111046, 46, 111),
(111049, 49, 111),
(111052, 52, 111),
(111058, 58, 111),
(111066, 66, 111),
(111067, 67, 111),
(111072, 72, 111),
(111074, 74, 111),
(111079, 79, 111),
(111080, 80, 111),
(111082, 82, 111),
(111085, 85, 111),
(111089, 89, 111),
(112019, 19, 112),
(112038, 38, 112),
(112039, 39, 112),
(112042, 42, 112),
(112046, 46, 112),
(112049, 49, 112),
(112052, 52, 112),
(112057, 57, 112),
(112069, 69, 112),
(112077, 77, 112),
(112079, 79, 112),
(112080, 80, 112),
(112086, 86, 112),
(112090, 90, 112),
(113001, 1, 113),
(113011, 11, 113),
(113012, 12, 113),
(113036, 36, 113),
(113043, 43, 113),
(113047, 47, 113),
(113052, 52, 113),
(113063, 63, 113),
(113064, 64, 113),
(113066, 66, 113),
(113074, 74, 113),
(113078, 78, 113),
(113079, 79, 113),
(114012, 12, 114),
(114035, 35, 114),
(114045, 45, 114),
(114051, 51, 114),
(114055, 55, 114),
(114058, 58, 114),
(114060, 60, 114),
(114062, 62, 114),
(114067, 67, 114),
(114068, 68, 114),
(114071, 71, 114),
(114072, 72, 114),
(114077, 77, 114),
(114088, 88, 114),
(114091, 91, 114),
(115005, 5, 115),
(115036, 36, 115),
(115039, 39, 115),
(115040, 40, 115),
(115045, 45, 115),
(115052, 52, 115),
(115065, 65, 115),
(115071, 71, 115),
(115078, 78, 115),
(115080, 80, 115),
(115083, 83, 115),
(115089, 89, 115),
(115090, 90, 115),
(116010, 10, 116),
(116018, 18, 116),
(116021, 21, 116),
(116038, 38, 116),
(116041, 41, 116),
(116044, 44, 116),
(116045, 45, 116),
(116051, 51, 116),
(116053, 53, 116),
(116057, 57, 116),
(116058, 58, 116),
(116066, 66, 116),
(116070, 70, 116),
(116083, 83, 116),
(116084, 84, 116),
(201002, 2, 201),
(201040, 40, 201),
(201041, 41, 201),
(201044, 44, 201),
(201054, 54, 201),
(201058, 58, 201),
(201073, 73, 201),
(201075, 75, 201),
(201076, 76, 201),
(201079, 79, 201),
(201085, 85, 201),
(201086, 86, 201),
(201090, 90, 201),
(202021, 21, 202),
(202033, 33, 202),
(202036, 36, 202),
(202041, 41, 202),
(202048, 48, 202),
(202054, 54, 202),
(202055, 55, 202),
(202060, 60, 202),
(202062, 62, 202),
(202064, 64, 202),
(202068, 68, 202),
(202072, 72, 202),
(202074, 74, 202),
(202077, 77, 202),
(202081, 81, 202),
(202083, 83, 202),
(202089, 89, 202),
(203018, 18, 203),
(203029, 29, 203),
(203032, 32, 203),
(203046, 46, 203),
(203050, 50, 203),
(203051, 51, 203),
(203057, 57, 203),
(203060, 60, 203),
(203064, 64, 203),
(203076, 76, 203),
(203077, 77, 203),
(203080, 80, 203),
(203081, 81, 203),
(203082, 82, 203),
(204011, 11, 204),
(204027, 27, 204),
(204038, 38, 204),
(204061, 61, 204),
(204062, 62, 204),
(204072, 72, 204),
(204074, 74, 204),
(204075, 75, 204),
(204078, 78, 204),
(204079, 79, 204),
(204080, 80, 204),
(204081, 81, 204),
(204085, 85, 204),
(204091, 91, 204),
(205005, 5, 205),
(205006, 6, 205),
(205020, 20, 205),
(205038, 38, 205),
(205040, 40, 205),
(205046, 46, 205),
(205050, 50, 205),
(205052, 52, 205),
(205064, 64, 205),
(205067, 67, 205),
(205069, 69, 205),
(205071, 71, 205),
(205080, 80, 205),
(205081, 81, 205),
(205091, 91, 205),
(206014, 14, 206),
(206028, 28, 206),
(206036, 36, 206),
(206038, 38, 206),
(206046, 46, 206),
(206055, 55, 206),
(206056, 56, 206),
(206067, 67, 206),
(206074, 74, 206),
(206084, 84, 206),
(206089, 89, 206),
(207008, 8, 207),
(207011, 11, 207),
(207033, 33, 207),
(207039, 39, 207),
(207048, 48, 207),
(207061, 61, 207),
(207062, 62, 207),
(207065, 65, 207),
(207071, 71, 207),
(207076, 76, 207),
(207087, 87, 207),
(207088, 88, 207),
(208018, 18, 208),
(208029, 29, 208),
(208035, 35, 208),
(208036, 36, 208),
(208041, 41, 208),
(208044, 44, 208),
(208061, 61, 208),
(208062, 62, 208),
(208079, 79, 208),
(208082, 82, 208),
(208089, 89, 208),
(209002, 2, 209),
(209027, 27, 209),
(209028, 28, 209),
(209032, 32, 209),
(209036, 36, 209),
(209049, 49, 209),
(209056, 56, 209),
(209060, 60, 209),
(209061, 61, 209),
(209064, 64, 209),
(209065, 65, 209),
(209069, 69, 209),
(209075, 75, 209),
(209079, 79, 209),
(209081, 81, 209),
(209084, 84, 209),
(209088, 88, 209),
(209089, 89, 209),
(210023, 23, 210),
(210036, 36, 210),
(210042, 42, 210),
(210043, 43, 210),
(210044, 44, 210),
(210045, 45, 210),
(210047, 47, 210),
(210048, 48, 210),
(210053, 53, 210),
(210055, 55, 210),
(210059, 59, 210),
(210063, 63, 210),
(210072, 72, 210),
(210074, 74, 210),
(210077, 77, 210),
(210080, 80, 210),
(210088, 88, 210),
(210091, 91, 210),
(211003, 3, 211),
(211028, 28, 211),
(211029, 29, 211),
(211037, 37, 211),
(211041, 41, 211),
(211042, 42, 211),
(211047, 47, 211),
(211052, 52, 211),
(211053, 53, 211),
(211061, 61, 211),
(211066, 66, 211),
(211070, 70, 211),
(211076, 76, 211),
(211090, 90, 211),
(212011, 11, 212),
(212014, 14, 212),
(212029, 29, 212),
(212043, 43, 212),
(212044, 44, 212),
(212052, 52, 212),
(212057, 57, 212),
(212058, 58, 212),
(212064, 64, 212),
(212076, 76, 212),
(212077, 77, 212),
(212085, 85, 212),
(212086, 86, 212),
(212087, 87, 212),
(212091, 91, 212),
(213008, 8, 213),
(213010, 10, 213),
(213016, 16, 213),
(213019, 19, 213),
(213034, 34, 213),
(213043, 43, 213),
(213045, 45, 213),
(213053, 53, 213),
(213058, 58, 213),
(213069, 69, 213),
(213070, 70, 213),
(213077, 77, 213),
(213088, 88, 213),
(213089, 89, 213),
(213091, 91, 213),
(214004, 4, 214),
(214023, 23, 214),
(214025, 25, 214),
(214027, 27, 214),
(214037, 37, 214),
(214038, 38, 214),
(214046, 46, 214),
(214049, 49, 214),
(214052, 52, 214),
(214056, 56, 214),
(214059, 59, 214),
(214068, 68, 214),
(214069, 69, 214),
(214071, 71, 214),
(214072, 72, 214),
(214079, 79, 214),
(214083, 83, 214),
(214090, 90, 214),
(215006, 6, 215),
(215011, 11, 215),
(215028, 28, 215),
(215034, 34, 215),
(215065, 65, 215),
(215067, 67, 215),
(215070, 70, 215),
(215074, 74, 215),
(215075, 75, 215),
(215076, 76, 215),
(215077, 77, 215),
(215080, 80, 215),
(215081, 81, 215),
(216002, 2, 216),
(216003, 3, 216),
(216009, 9, 216),
(216021, 21, 216),
(216034, 34, 216),
(216039, 39, 216),
(216047, 47, 216),
(216048, 48, 216),
(216049, 49, 216),
(216054, 54, 216),
(216058, 58, 216),
(216059, 59, 216),
(216060, 60, 216),
(216063, 63, 216),
(216070, 70, 216),
(216073, 73, 216),
(216089, 89, 216),
(216091, 91, 216),
(301003, 3, 301),
(301004, 4, 301),
(301027, 27, 301),
(301035, 35, 301),
(301036, 36, 301),
(301044, 44, 301),
(301045, 45, 301),
(301046, 46, 301),
(301053, 53, 301),
(301054, 54, 301),
(301057, 57, 301),
(301069, 69, 301),
(301076, 76, 301),
(301079, 79, 301),
(301085, 85, 301),
(302005, 5, 302),
(302038, 38, 302),
(302041, 41, 302),
(302042, 42, 302),
(302048, 48, 302),
(302053, 53, 302),
(302057, 57, 302),
(302059, 59, 302),
(302071, 71, 302),
(302075, 75, 302),
(302078, 78, 302),
(302081, 81, 302),
(302085, 85, 302),
(302086, 86, 302),
(303003, 3, 303),
(303045, 45, 303),
(303046, 46, 303),
(303054, 54, 303),
(303059, 59, 303),
(303061, 61, 303),
(303070, 70, 303),
(303071, 71, 303),
(303073, 73, 303),
(303077, 77, 303),
(304016, 16, 304),
(304018, 18, 304),
(304027, 27, 304),
(304030, 30, 304),
(304039, 39, 304),
(304043, 43, 304),
(304044, 44, 304),
(304047, 47, 304),
(304051, 51, 304),
(304053, 53, 304),
(304054, 54, 304),
(304055, 55, 304),
(304066, 66, 304),
(304068, 68, 304),
(304071, 71, 304),
(304076, 76, 304),
(304082, 82, 304),
(304088, 88, 304),
(304090, 90, 304),
(305003, 3, 305),
(305021, 21, 305),
(305040, 40, 305),
(305043, 43, 305),
(305044, 44, 305),
(305046, 46, 305),
(305051, 51, 305),
(305055, 55, 305),
(305056, 56, 305),
(305057, 57, 305),
(305061, 61, 305),
(305062, 62, 305),
(305068, 68, 305),
(305069, 69, 305),
(305079, 79, 305),
(305082, 82, 305),
(305089, 89, 305),
(306001, 1, 306),
(306012, 12, 306),
(306039, 39, 306),
(306042, 42, 306),
(306043, 43, 306),
(306048, 48, 306),
(306053, 53, 306),
(306057, 57, 306),
(306060, 60, 306),
(306063, 63, 306),
(306064, 64, 306),
(306066, 66, 306),
(306067, 67, 306),
(306071, 71, 306),
(306080, 80, 306),
(306087, 87, 306),
(306089, 89, 306),
(307026, 26, 307),
(307034, 34, 307),
(307035, 35, 307),
(307038, 38, 307),
(307045, 45, 307),
(307046, 46, 307),
(307052, 52, 307),
(307055, 55, 307),
(307057, 57, 307),
(307063, 63, 307),
(307072, 72, 307),
(307076, 76, 307),
(307079, 79, 307),
(307083, 83, 307),
(307090, 90, 307),
(308005, 5, 308),
(308020, 20, 308),
(308026, 26, 308),
(308027, 27, 308),
(308033, 33, 308),
(308037, 37, 308),
(308040, 40, 308),
(308041, 41, 308),
(308048, 48, 308),
(308050, 50, 308),
(308060, 60, 308),
(308066, 66, 308),
(308067, 67, 308),
(308076, 76, 308),
(308083, 83, 308),
(308087, 87, 308),
(309004, 4, 309),
(309007, 7, 309),
(309030, 30, 309),
(309036, 36, 309),
(309039, 39, 309),
(309042, 42, 309),
(309045, 45, 309),
(309054, 54, 309),
(309060, 60, 309),
(309061, 61, 309),
(309064, 64, 309),
(309069, 69, 309),
(309071, 71, 309),
(309074, 74, 309),
(309078, 78, 309),
(309081, 81, 309),
(310011, 11, 310),
(310012, 12, 310),
(310032, 32, 310),
(310041, 41, 310),
(310049, 49, 310),
(310053, 53, 310),
(310061, 61, 310),
(310063, 63, 310),
(310067, 67, 310),
(310070, 70, 310),
(310073, 73, 310),
(310079, 79, 310),
(310081, 81, 310),
(310086, 86, 310),
(311014, 14, 311),
(311026, 26, 311),
(311038, 38, 311),
(311043, 43, 311),
(311046, 46, 311),
(311048, 48, 311),
(311050, 50, 311),
(311052, 52, 311),
(311058, 58, 311),
(311059, 59, 311),
(311063, 63, 311),
(311064, 64, 311),
(311067, 67, 311),
(311073, 73, 311),
(311085, 85, 311),
(312002, 2, 312),
(312018, 18, 312),
(312020, 20, 312),
(312032, 32, 312),
(312037, 37, 312),
(312040, 40, 312),
(312064, 64, 312),
(312069, 69, 312),
(312078, 78, 312),
(312079, 79, 312),
(312080, 80, 312),
(312084, 84, 312),
(312088, 88, 312),
(312090, 90, 312),
(312091, 91, 312),
(313021, 21, 313),
(313038, 38, 313),
(313043, 43, 313),
(313048, 48, 313),
(313049, 49, 313),
(313052, 52, 313),
(313054, 54, 313),
(313057, 57, 313),
(313061, 61, 313),
(313067, 67, 313),
(313068, 68, 313),
(313071, 71, 313),
(313077, 77, 313),
(313084, 84, 313),
(313086, 86, 313),
(313089, 89, 313),
(314006, 6, 314),
(314028, 28, 314),
(314033, 33, 314),
(314042, 42, 314),
(314045, 45, 314),
(314048, 48, 314),
(314049, 49, 314),
(314059, 59, 314),
(314060, 60, 314),
(314065, 65, 314),
(314070, 70, 314),
(314071, 71, 314),
(314074, 74, 314),
(314075, 75, 314),
(314080, 80, 314),
(314082, 82, 314),
(314087, 87, 314),
(314088, 88, 314),
(315025, 25, 315),
(315045, 45, 315),
(315054, 54, 315),
(315058, 58, 315),
(315061, 61, 315),
(315063, 63, 315),
(315067, 67, 315),
(315069, 69, 315),
(315072, 72, 315),
(315073, 73, 315),
(315076, 76, 315),
(315077, 77, 315),
(315079, 79, 315),
(315080, 80, 315),
(316012, 12, 316),
(316030, 30, 316),
(316035, 35, 316),
(316056, 56, 316),
(316059, 59, 316),
(316067, 67, 316),
(316076, 76, 316),
(316078, 78, 316),
(316079, 79, 316),
(316089, 89, 316),
(316091, 91, 316),
(401010, 10, 401),
(401036, 36, 401),
(401040, 40, 401),
(401047, 47, 401),
(401048, 48, 401),
(401050, 50, 401),
(401056, 56, 401),
(401057, 57, 401),
(401070, 70, 401),
(401075, 75, 401),
(401080, 80, 401),
(401089, 89, 401),
(402001, 1, 402),
(402027, 27, 402),
(402034, 34, 402),
(402038, 38, 402),
(402039, 39, 402),
(402045, 45, 402),
(402055, 55, 402),
(402056, 56, 402),
(402063, 63, 402),
(402069, 69, 402),
(402081, 81, 402),
(402083, 83, 402),
(402088, 88, 402),
(402091, 91, 402),
(402121, 121, 402),
(402122, 122, 402),
(402123, 123, 402),
(402124, 124, 402),
(402125, 125, 402),
(402126, 126, 402),
(402127, 127, 402),
(402128, 128, 402),
(402129, 129, 402),
(403020, 20, 403),
(403023, 23, 403),
(403043, 43, 403),
(403045, 45, 403),
(403050, 50, 403),
(403051, 51, 403),
(403052, 52, 403),
(403054, 54, 403),
(403060, 60, 403),
(403073, 73, 403),
(403074, 74, 403),
(403077, 77, 403),
(403081, 81, 403),
(403086, 86, 403),
(403089, 89, 403),
(404007, 7, 404),
(404008, 8, 404),
(404099, 99, 404),
(404027, 27, 404),
(404034, 34, 404),
(404040, 40, 404),
(404041, 41, 404),
(404048, 48, 404),
(404061, 61, 404),
(404066, 66, 404),
(404069, 69, 404),
(404081, 81, 404),
(404087, 87, 404),
(404091, 91, 404),
(405006, 6, 405),
(405008, 8, 405),
(405036, 36, 405),
(405037, 37, 405),
(405038, 38, 405),
(405040, 40, 405),
(405044, 44, 405),
(405050, 50, 405),
(405055, 55, 405),
(405064, 64, 405),
(405069, 69, 405),
(405084, 84, 405),
(405086, 86, 405),
(405090, 90, 405),
(406003, 3, 406),
(406038, 38, 406),
(406045, 45, 406),
(406046, 46, 406),
(406057, 57, 406),
(406058, 58, 406),
(406062, 62, 406),
(406067, 67, 406),
(406077, 77, 406),
(406078, 78, 406),
(406081, 81, 406),
(406086, 86, 406),
(406087, 87, 406),
(406091, 91, 406),
(407006, 6, 407),
(407031, 31, 407),
(407038, 38, 407),
(407051, 51, 407),
(407054, 54, 407),
(407056, 56, 407),
(407058, 58, 407),
(407059, 59, 407),
(407060, 60, 407),
(407065, 65, 407),
(407066, 66, 407),
(407068, 68, 407),
(407069, 69, 407),
(407076, 76, 407),
(407080, 80, 407),
(407081, 81, 407),
(407084, 84, 407),
(408019, 19, 408),
(408028, 28, 408),
(408031, 31, 408),
(408040, 40, 408),
(408041, 41, 408),
(408042, 42, 408),
(408063, 63, 408),
(408069, 69, 408),
(408072, 72, 408),
(408074, 74, 408),
(408079, 79, 408),
(408083, 83, 408),
(408084, 84, 408),
(408086, 86, 408),
(408087, 87, 408),
(501002, 2, 501),
(501032, 32, 501),
(501049, 49, 501),
(501054, 54, 501),
(501062, 62, 501),
(501066, 66, 501),
(501070, 70, 501),
(501074, 74, 501),
(501075, 75, 501),
(501084, 84, 501),
(501088, 88, 501),
(501090, 90, 501),
(502009, 9, 502),
(502015, 15, 502),
(502037, 37, 502),
(502045, 45, 502),
(502049, 49, 502),
(502050, 50, 502),
(502059, 59, 502),
(502060, 60, 502),
(502073, 73, 502),
(502074, 74, 502),
(502078, 78, 502),
(502086, 86, 502),
(502087, 87, 502),
(502090, 90, 502),
(502091, 91, 502),
(503002, 2, 503),
(503003, 3, 503),
(503006, 6, 503),
(503036, 36, 503),
(503040, 40, 503),
(503047, 47, 503),
(503052, 52, 503),
(503055, 55, 503),
(503057, 57, 503),
(503068, 68, 503),
(503069, 69, 503),
(503072, 72, 503),
(503115, 115, 503),
(503083, 83, 503),
(504003, 3, 504),
(504052, 52, 504),
(504055, 55, 504),
(504059, 59, 504),
(504062, 62, 504),
(504067, 67, 504),
(504070, 70, 504),
(504080, 80, 504),
(504082, 82, 504),
(504085, 85, 504),
(504088, 88, 504),
(504091, 91, 504),
(601008, 8, 601),
(601030, 30, 601),
(601039, 39, 601),
(601044, 44, 601),
(601046, 46, 601),
(601051, 51, 601),
(601054, 54, 601),
(601060, 60, 601),
(601061, 61, 601),
(601077, 77, 601),
(601079, 79, 601),
(601082, 82, 601),
(601087, 87, 601),
(601089, 89, 601),
(601121, 121, 601),
(601122, 122, 601),
(601123, 123, 601),
(601124, 124, 601),
(601125, 125, 601),
(601126, 126, 601),
(601127, 127, 601),
(601128, 128, 601),
(601129, 129, 601),
(601130, 130, 601),
(601131, 131, 601),
(601132, 132, 601),
(601133, 133, 601),
(602002, 2, 602),
(602003, 3, 602),
(602012, 12, 602),
(602029, 29, 602),
(602038, 38, 602),
(602039, 39, 602),
(602045, 45, 602),
(602052, 52, 602),
(602057, 57, 602),
(602062, 62, 602),
(602066, 66, 602),
(602067, 67, 602),
(602074, 74, 602),
(602077, 77, 602),
(602091, 91, 602),
(701024, 24, 701),
(701041, 41, 701),
(701043, 43, 701),
(701045, 45, 701),
(701048, 48, 701),
(701058, 58, 701),
(701062, 62, 701),
(701063, 63, 701),
(701078, 78, 701),
(701079, 79, 701),
(701080, 80, 701),
(701081, 81, 701),
(701087, 87, 701),
(801005, 5, 801),
(801006, 6, 801),
(801009, 9, 801),
(801017, 17, 801),
(801038, 38, 801),
(801039, 39, 801),
(801042, 42, 801),
(801045, 45, 801),
(801048, 48, 801),
(801051, 51, 801),
(801060, 60, 801),
(801065, 65, 801),
(801066, 66, 801),
(801074, 74, 801),
(801075, 75, 801),
(801081, 81, 801),
(801085, 85, 801),
(801121, 121, 801),
(801122, 122, 801),
(801123, 123, 801);

INSERT INTO Cartao VALUES
(101026,"amarela",13,"Equador"),
(101066,"amarela",15,"Equador"),
(101085,"amarela",24,"Catar"),
(101091,"amarela",12,"Catar"),
(102071,"amarela",3,"Inglaterra"),
(102072,"amarela",2,"Inglaterra"),
(102078,"amarela",20,"Irão"),
(102089,"amarela",15,"Irão"),
(103017,"amarela",19,"Países Baixos"),
(103029,"amarela",2,"Países Baixos"),
(103030,"amarela",10,"Países Baixos"),
(103043,"amarela",2,"Senegal"),
(103045,"amarela",17,"Senegal"),
(103075,"amarela",6,"Senegal"),
(104006,"amarela",17,"Estados Unidos"),
(104011,"amarela",19,"Estados Unidos"),
(104024,"amarela",2,"País de Gales"),
(104027,"amarela",24,"País de Gales"),
(104033,"amarela",20,"Estados Unidos"),
(104045,"amarela",13,"País de Gales"),
(105042,"amarela",9,"Argentina"),
(105051,"amarela",14,"Arábia Saudita"),
(106007,"amarela",12,"Dinamarca"),
(106023,"amarela",8,"Tunísia"),
(106026,"amarela",18,"Tunísia"),
(106043,"amarela",22,"Tunísia"),
(106044,"amarela",10,"Dinamarca"),
(106055,"amarela",7,"Dinamarca"),
(107049,"amarela",9,"Polónia"),
(107051,"amarela",13,"México"),
(108025,"amarela",16,"Austrália"),
(108091,"amarela",10,"França"),
(109014,"amarela",11,"Croácia"),
(109017,"amarela",6,"Marrocos"),
(109029,"amarela",24,"Croácia"),
(109066,"amarela",23,"Marrocos"),
(110047,"amarela",13,"Japão"),
(110055,"amarela",11,"Japão"),
(110086,"amarela",26,"Alemanha"),
(110089,"amarela",5,"Alemanha"),
(111009,"amarela",7,"Costa Rica"),
(111030,"amarela",20,"Espanha"),
(112038,"amarela",7,"Canadá"),
(112080,"amarela",17,"Bélgica"),
(113011,"amarela",12,"Camarões"),
(113012,"amarela",23,"Suiça"),
(114012,"amarela",14,"Uruguai"),
(114035,"amarela",7,"Coreia do Sul"),
(114045,"amarela",10,"Uruguai"),
(114051,"amarela",13,"Coreia do Sul"),
(114067,"amarela",18,"Coreia do Sul"),
(114088,"amarela",2,"Uruguai"),
(115039,"amarela",15,"Portugal"),
(115045,"amarela",7,"Gana"),
(116010,"amarela",11,"Sérvia"),
(116021,"vermelha",15,"Sérvia"),
(116044,"amarela",17,"Brasil"),
(116058,"amarela",12,"Brasil"),
(201040,"amarela",6,"País de Gales"),
(201041,"amarela",2,"Irão"),
(201085,"amarela",8,"País de Gales"),
(201086,"amarela",17,"Irão"),
(202033,"amarela",17,"Senegal"),
(202054,"amarela",7,"Senegal"),
(202062,"amarela",7,"Catar"),
(202064,"amarela",21,"Senegal"),
(202072,"vermelha",18,"Catar"),
(202074,"amarela",20,"Catar"),
(203018,"amarela",24,"Equador"),
(203082,"amarela",22,"Países Baixos"),
(204074,"amarela",19,"Inglaterra"),
(204075,"amarela",13,"Estados Unidos"),
(205006,"amarela",11,"Tunísia"),
(205020,"amarela",4,"Austrália"),
(205067,"amarela",5,"Tunísia"),
(205091,"amarela",10,"Austrália"),
(206014,"amarela",5,"Arábia Saudita"),
(206028,"amarela",15,"Polónia"),
(207008,"amarela",6,"França"),
(207011,"amarela",13,"Dinamarca"),
(208018,"amarela",7,"México"),
(208029,"amarela",1,"Argentina"),
(209002,"amarela",4,"Japão"),
(209027,"amarela",11,"Japão"),
(209060,"amarela",15,"Costa Rica"),
(209064,"amarela",23,"Costa Rica"),
(209065,"amarela",14,"Costa Rica"),
(209089,"amarela",9,"Japão"),
(210036,"amarela",25,"Bélgica"),
(210044,"amarela",12,"Marrocos"),
(210045,"amarela",4,"Bélgica"),
(210063,"amarela",14,"Marrocos"),
(210072,"amarela",8,"Bélgica"),
(210088,"amarela",26,"Marrocos"),
(211028,"amarela",23,"Canadá"),
(211047,"amarela",19,"Croácia"),
(212011,"amarela",15,"Espanha"),
(212085,"amarela",17,"Alemanha"),
(213008,"amarela",4,"Sérvia"),
(213016,"amarela",23,"Camarões"),
(213019,"amarela",2,"Sérvia"),
(213070,"amarela",14,"Camarões"),
(214004,"amarela",22,"Gana"),
(214025,"amarela",1,"Coreia do Sul"),
(214027,"amarela",12,"Gana"),
(214046,"amarela",6,"Gana"),
(214069,"amarela",18,"Coreia do Sul"),
(214071,"amarela",23,"Coreia do Sul"),
(215028,"amarela",4,"Suiça"),
(215034,"amarela",7,"Brasil"),
(215070,"amarela",25,"Suiça"),
(215080,"amarela",2,"Brasil"),
(216002,"vermelha",12,"Uruguai"),
(216003,"amarela",8,"Uruguai"),
(216021,"amarela",26,"Portugal"),
(216039,"amarela",8,"Portugal"),
(216048,"amarela",12,"Portugal"),
(216058,"amarela",20,"Uruguai"),
(301003,"amarela",1,"Senegal"),
(301035,"amarela",5,"Equador"),
(301046,"amarela",12,"Senegal"),
(301069,"amarela",26,"Equador"),
(301076,"amarela",23,"Equador"),
(301085,"amarela",17,"Senegal"),
(302042,"amarela",10,"Catar"),
(302078,"amarela",23,"Países Baixos"),
(303003,"amarela",10,"Irão"),
(303077,"amarela",4,"Estados Unidos"),
(304016,"vermelha",20,"País de Gales"),
(304018,"amarela",26,"País de Gales"),
(304027,"amarela",3,"Inglaterra"),
(304053,"amarela",18,"Inglaterra"),
(305003,"amarela",17,"Austrália"),
(305043,"amarela",12,"Dinamarca"),
(305051,"amarela",6,"Austrália"),
(305068,"amarela",8,"Austrália"),
(305079,"amarela",1,"Dinamarca"),
(305089,"amarela",20,"Dinamarca"),
(306043,"amarela",1,"Tunísia"),
(306048,"amarela",18,"França"),
(306053,"vermelha",16,"França"),
(306064,"amarela",20,"Tunísia"),
(307034,"amarela",12,"Arábia Saudita"),
(307035,"amarela",14,"Arábia Saudita"),
(307063,"amarela",12,"México"),
(307090,"amarela",24,"México"),
(308005,"amarela",12,"Argentina"),
(308020,"amarela",22,"Argentina"),
(308027,"amarela",19,"Polónia"),
(308037,"amarela",17,"Polónia"),
(308066,"amarela",4,"Polónia"),
(308067,"amarela",2,"Argentina"),
(309007,"amarela",22,"Marrocos"),
(309030,"amarela",1,"Canadá"),
(310011,"amarela",21,"Bélgica"),
(310012,"amarela",22,"Bélgica"),
(310032,"amarela",26,"Croácia"),
(310053,"amarela",14,"Croácia"),
(310061,"amarela",9,"Bélgica"),
(310070,"amarela",19,"Croácia"),
(311014,"amarela",17,"Costa Rica"),
(311026,"amarela",19,"Costa Rica"),
(311038,"amarela",15,"Alemanha"),
(311064,"amarela",13,"Alemanha"),
(312002,"amarela",15,"Espanha"),
(312018,"amarela",6,"Espanha"),
(312020,"amarela",6,"Japão"),
(312032,"amarela",12,"Japão"),
(312078,"amarela",24,"Espanha"),
(312080,"amarela",25,"Japão"),
(313084,"amarela",16,"Portugal"),
(313086,"amarela",10,"Coreia do Sul"),
(314006,"amarela",10,"Uruguai"),
(314028,"amarela",8,"Gana"),
(314033,"amarela",6,"Uruguai"),
(314060,"amarela",11,"Gana"),
(314070,"amarela",5,"Uruguai"),
(314075,"amarela",18,"Gana"),
(315025,"amarela",13,"Camarões"),
(315054,"amarela",12,"Brasil"),
(315058,"amarela",24,"Brasil"),
(315077,"amarela",23,"Camarões"),
(316012,"amarela",5,"Suiça"),
(316030,"amarela",3,"Sérvia"),
(316035,"amarela",3,"Suiça"),
(316059,"amarela",13,"Sérvia"),
(401047,"amarela",10,"País de Gales"),
(401089,"amarela",2,"Países Baixos"),
(402034,"amarela",1,"França"),
(402039,"amarela",4,"Argentina"),
(402055,"amarela",25,"França"),
(402063,"amarela",20,"Argentina"),
(403023,"amarela",18,"México"),
(403043,"amarela",26,"México"),
(403050,"amarela",17,"Dinamarca"),
(403077,"amarela",25,"Dinamarca"),
(404007,"amarela",18,"Equador"),
(404008,"amarela",11,"Equador"),
(404027,"amarela",17,"Inglaterra"),
(404034,"amarela",18,"Inglaterra"),
(404048,"amarela",19,"Inglaterra"),
(404061,"amarela",5,"Equador"),
(405037,"amarela",14,"Alemanha"),
(405069,"amarela",16,"Alemanha"),
(405084,"amarela",6,"Croácia"),
(405086,"amarela",7,"Croácia"),
(406058,"amarela",10,"Brasil"),
(406067,"amarela",5,"Brasil"),
(406078,"amarela",5,"Gana"),
(406081,"amarela",19,"Gana"),
(407006,"amarela",18,"Bélgica"),
(407051,"amarela",13,"Espanha"),
(407054,"amarela",5,"Bélgica"),
(407056,"amarela",15,"Bélgica"),
(407066,"amarela",16,"Espanha"),
(407081,"amarela",21,"Espanha"),
(408028,"amarela",14,"Portugal"),
(408041,"amarela",2,"Camarões"),
(501002,"amarela",23,"Brasil"),
(501032,"amarela",9,"Alemanha"),
(502009,"amarela",22,"Argentina"),
(502045,"amarela",1,"Países Baixos"),
(503006,"amarela",3,"Bélgica"),
(503069,"amarela",24,"Portugal"),
(504003,"amarela",11,"Dinamarca"),
(504067,"amarela",16,"Dinamarca"),
(504080,"amarela",15,"Inglaterra"),
(504082,"amarela",20,"Inglaterra"),
(601008,"amarela",15,"Argentina"),
(601030,"amarela",1,"Brasil"),
(601061,"amarela",9,"Argentina"),
(601079,"amarela",10,"Brasil"),
(602003,"amarela",1,"Dinamarca"),
(602012,"amarela",2,"Dinamarca"),
(602029,"amarela",10,"Portugal"),
(602052,"amarela",7,"Portugal"),
(701043,"amarela",22,"Brasil"),
(701063,"amarela",5,"Dinamarca"),
(801005,"amarela",25,"Portugal"),
(801006,"amarela",21,"Portugal"),
(801051,"amarela",19,"Argentina"),
(801074,"amarela",13,"Argentina");

INSERT INTO Golo VALUES
(101011,"default",7,"Equador"),
(101029,"default",25,"Catar"),
(101033,"default",5,"Catar"),
(101035,"default",21,"Equador"),
(102020,"default",24,"Inglaterra"),
(102060,"default",24,"Irão"),
(102090,"default",5,"Inglaterra"),
(103010,"default",25,"Países Baixos"),
(103020,"autogolo",23,"Senegal"),
(103041,"default",24,"Países Baixos"),
(103056,"default",23,"Senegal"),
(104031,"default",24,"País de Gales"),
(104070,"default",16,"País de Gales"),
(104080,"default",21,"País de Gales"),
(105020,"default",10,"Argentina"),
(105023,"default",14,"Argentina"),
(105025,"default",12,"Argentina"),
(106035,"default",18,"Dinamarca"),
(107064,"default",16,"México"),
(107083,"default",23,"Polónia"),
(108015,"default",21,"França"),
(108035,"default",12,"Austrália"),
(109047,"default",19,"Marrocos"),
(109075,"default",11,"Marrocos"),
(109080,"default",17,"Croácia"),
(110035,"default",15,"Alemanha"),
(110062,"default",25,"Japão"),
(111052,"default",22,"Espanha"),
(111067,"autogolo",9,"Costa Rica"),
(111074,"default",10,"Costa Rica"),
(112019,"autogolo",3,"Canadá"),
(112039,"default",13,"Canadá"),
(112042,"default",17,"Bélgica"),
(112049,"default",4,"Bélgica"),
(112077,"default",19,"Bélgica"),
(113001,"default",24,"Camarões"),
(113052,"default",24,"Suiça"),
(113063,"default",23,"Camarões"),
(114071,"default",23,"Uruguai"),
(115005,"default",9,"Portugal"),
(115040,"default",4,"Gana"),
(115090,"default",23,"Portugal"),
(116018,"autogolo",25,"Sérvia"),
(116045,"default",24,"Brasil"),
(116083,"default",5,"Brasil"),
(201002,"default",21,"País de Gales"),
(202021,"default",21,"Catar"),
(202068,"default",20,"Senegal"),
(203029,"default",23,"Equador"),
(203032,"default",22,"Equador"),
(203077,"default",5,"Países Baixos"),
(203081,"default",14,"Países Baixos"),
(204011,"default",22,"Estados Unidos"),
(204027,"default",7,"Inglaterra"),
(204079,"default",15,"Estados Unidos"),
(205005,"default",3,"Tunísia"),
(205050,"default",6,"Austrália"),
(206046,"default",7,"Arábia Saudita"),
(206056,"default",22,"Arábia Saudita"),
(207033,"default",10,"França"),
(207061,"default",6,"Dinamarca"),
(208035,"default",21,"Argentina"),
(209028,"default",20,"Costa Rica"),
(209032,"default",7,"Costa Rica"),
(209061,"default",19,"Japão"),
(210023,"default",20,"Bélgica"),
(210059,"default",3,"Bélgica"),
(211003,"default",5,"Croácia"),
(211029,"default",19,"Croácia"),
(211052,"autogolo",13,"Canadá"),
(211070,"default",5,"Croácia"),
(212014,"default",4,"Alemanha"),
(212029,"default",21,"Espanha"),
(212057,"default",16,"Alemanha"),
(212058,"default",20,"Espanha"),
(212076,"default",11,"Alemanha"),
(213010,"default",3,"Camarões"),
(213034,"default",5,"Sérvia"),
(213089,"autogolo",22,"Sérvia"),
(214023,"default",11,"Gana"),
(214059,"default",22,"Gana"),
(214068,"default",24,"Gana"),
(215006,"default",20,"Brasil"),
(215011,"default",13,"Brasil"),
(215075,"default",18,"Brasil"),
(216009,"autogolo",3,"Uruguai"),
(216034,"default",9,"Uruguai"),
(216054,"default",10,"Portugal"),
(216089,"default",26,"Portugal"),
(301004,"default",10,"Equador"),
(301027,"default",22,"Senegal"),
(301079,"default",10,"Equador"),
(302005,"default",9,"Catar"),
(302048,"default",13,"Países Baixos"),
(302071,"default",22,"Países Baixos"),
(303070,"default",15,"Irão"),
(303071,"default",13,"Estados Unidos"),
(304030,"default",7,"Inglaterra"),
(304055,"default",17,"País de Gales"),
(304068,"default",25,"Inglaterra"),
(304071,"default",11,"País de Gales"),
(304076,"default",4,"Inglaterra"),
(304088,"default",5,"Inglaterra"),
(305021,"default",20,"Dinamarca"),
(305044,"default",25,"Dinamarca"),
(305046,"default",12,"Dinamarca"),
(305056,"default",12,"Dinamarca"),
(306001,"autogolo",12,"Tunísia"),
(306012,"default",9,"França"),
(306039,"default",6,"Tunísia"),
(306060,"default",8,"França"),
(307026,"default",20,"México"),
(307052,"default",16,"México"),
(308026,"default",10,"Argentina"),
(308033,"default",9,"Argentina"),
(309004,"default",13,"Canadá"),
(309045,"default",9,"Marrocos"),
(309074,"default",26,"Canadá"),
(309078,"default",10,"Canadá"),
(309081,"default",10,"Marrocos"),
(311067,"default",19,"Alemanha"),
(312091,"default",12,"Espanha"),
(313021,"default",10,"Portugal"),
(313054,"default",25,"Portugal"),
(313057,"default",6,"Portugal"),
(313068,"default",10,"Coreia do Sul"),
(313071,"default",21,"Coreia do Sul"),
(313089,"default",11,"Portugal"),
(314059,"default",18,"Gana"),
(314071,"default",5,"Gana"),
(314080,"default",22,"Uruguai"),
(314082,"default",21,"Uruguai"),
(315073,"default",18,"Camarões"),
(315080,"autogolo",6,"Camarões"),
(401010,"default",21,"Países Baixos"),
(401040,"default",6,"Países Baixos"),
(401056,"default",18,"País de Gales"),
(401080,"default",18,"Países Baixos"),
(402001,"default",8,"França"),
(402027,"default",7,"Argentina"),
(402121,"penalti",3,"Argentina"),
(402122,"penalti",7,"França"),
(402123,"penalti",8,"Argentina"),
(402124,"penalti",12,"França"),
(402125,"penalti",14,"Argentina"),
(402126,"penalti",1,"França"),
(402127,"penalti",10,"Argentina"),
(402128,"penalti",6,"França"),
(402129,"penalti",5,"Argentina"),
(403020,"default",6,"Dinamarca"),
(403051,"default",20,"Dinamarca"),
(404099,"default",20,"Inglaterra"),
(405006,"default",18,"Alemanha"),
(405008,"default",15,"Alemanha"),
(406003,"autogolo",13,"Gana"),
(406038,"default",22,"Brasil"),
(406062,"default",14,"Brasil"),
(406086,"default",16,"Brasil"),
(407031,"default",15,"Bélgica"),
(407058,"default",5,"Bélgica"),
(407076,"default",26,"Bélgica"),
(407080,"default",5,"Espanha"),
(407084,"default",17,"Espanha"),
(408019,"default",14,"Portugal"),
(408031,"default",8,"Portugal"),
(408042,"default",2,"Portugal"),
(501075,"default",23,"Brasil"),
(502015,"default",7,"Argentina"),
(502049,"default",22,"Argentina"),
(502059,"default",10,"Argentina"),
(503002,"default",4,"Portugal"),
(503003,"default",25,"Bélgica"),
(503115,"default",16,"Portugal"),
(504059,"default",13,"Dinamarca"),
(504070,"default",20,"Dinamarca"),
(601121,"penalti",10,"Argentina"),
(601122,"penalti",11,"Brasil"),
(601123,"penalti",4,"Argentina"),
(601124,"penalti",16,"Brasil"),
(601125,"penalti",20,"Argentina"),
(601126,"penalti",1,"Brasil"),
(601127,"penalti",13,"Argentina"),
(601128,"penalti",7,"Brasil"),
(601129,"penalti",22,"Argentina"),
(601130,"penalti",14,"Brasil"),
(601131,"penalti",18,"Argentina"),
(601132,"penalti",21,"Brasil"),
(601133,"penalti",6,"Argentina"),
(602002,"default",6,"Portugal"),
(602077,"default",7,"Portugal"),
(701024,"default",9,"Brasil"),
(701048,"default",20,"Brasil"),
(701078,"default",18,"Brasil"),
(801009,"default",25,"Portugal"),
(801017,"default",25,"Argentina"),
(801048,"default",4,"Portugal"),
(801081,"default",20,"Argentina"),
(801121,"penalti",7,"Portugal"),
(801122,"penalti",10,"Portugal"),
(801123,"penalti",23,"Portugal");

INSERT INTO Substituicao VALUES
(101077,23,"Catar",26,"Catar"),
(101080,12,"Catar",3,"Catar"),
(101086,11,"Catar",20,"Catar"),
(101058,4,"Catar",16,"Catar"),
(101041,19,"Equador",11,"Equador"),
(101056,8,"Equador",1,"Equador"),
(101075,24,"Equador",9,"Equador"),
(101043,4,"Equador",12,"Equador"),
(102067,26,"Inglaterra",6,"Inglaterra"),
(102073,11,"Inglaterra",14,"Inglaterra"),
(102076,2,"Inglaterra",23,"Inglaterra"),
(102057,8,"Irão",2,"Irão"),
(102048,19,"Irão",21,"Irão"),
(102051,18,"Irão",20,"Irão"),
(102037,22,"Irão",3,"Irão"),
(103082,1,"Senegal",4,"Senegal"),
(103053,21,"Senegal",7,"Senegal"),
(103081,19,"Senegal",13,"Senegal"),
(103050,3,"Senegal",12,"Senegal"),
(103059,2,"Senegal",6,"Senegal"),
(103086,23,"Países Baixos",4,"Países Baixos"),
(103046,16,"Países Baixos",7,"Países Baixos"),
(103057,26,"Países Baixos",2,"Países Baixos"),
(103063,1,"Países Baixos",20,"Países Baixos"),
(104088,4,"Estados Unidos",9,"Estados Unidos"),
(104039,3,"Estados Unidos",8,"Estados Unidos"),
(104042,21,"Estados Unidos",10,"Estados Unidos"),
(104086,12,"Estados Unidos",14,"Estados Unidos"),
(104090,6,"País de Gales",2,"País de Gales"),
(104050,15,"País de Gales",20,"País de Gales"),
(104038,4,"País de Gales",23,"País de Gales"),
(104072,13,"País de Gales",7,"País de Gales"),
(105076,24,"Argentina",16,"Argentina"),
(105070,19,"Argentina",6,"Argentina"),
(105074,23,"Argentina",2,"Argentina"),
(105079,26,"Argentina",11,"Argentina"),
(105040,17,"Arábia Saudita",9,"Arábia Saudita"),
(105037,4,"Arábia Saudita",20,"Arábia Saudita"),
(105043,15,"Arábia Saudita",6,"Arábia Saudita"),
(105048,1,"Arábia Saudita",16,"Arábia Saudita"),
(106074,22,"Dinamarca",14,"Dinamarca"),
(106089,19,"Dinamarca",17,"Dinamarca"),
(106072,10,"Dinamarca",21,"Dinamarca"),
(106061,9,"Dinamarca",5,"Dinamarca"),
(106041,23,"Dinamarca",1,"Dinamarca"),
(106059,15,"Tunísia",24,"Tunísia"),
(106038,11,"Tunísia",2,"Tunísia"),
(106037,18,"Tunísia",9,"Tunísia"),
(107048,5,"México",8,"México"),
(107047,12,"México",10,"México"),
(107081,22,"México",19,"México"),
(107043,21,"México",23,"México"),
(107066,13,"México",24,"México"),
(107082,14,"Polónia",21,"Polónia"),
(107087,3,"Polónia",1,"Polónia"),
(107039,20,"Polónia",7,"Polónia"),
(108079,23,"França",11,"França"),
(108037,6,"França",15,"França"),
(108070,13,"França",22,"França"),
(108063,19,"França",14,"França"),
(108075,2,"Austrália",13,"Austrália"),
(108042,23,"Austrália",19,"Austrália"),
(108089,14,"Austrália",25,"Austrália"),
(109052,22,"Marrocos",23,"Marrocos"),
(109040,2,"Marrocos",6,"Marrocos"),
(109050,15,"Marrocos",3,"Marrocos"),
(109077,9,"Croácia",23,"Croácia"),
(109055,6,"Croácia",15,"Croácia"),
(109058,16,"Croácia",18,"Croácia"),
(109063,20,"Croácia",25,"Croácia"),
(109039,1,"Croácia",2,"Croácia"),
(110068,10,"Alemanha",2,"Alemanha"),
(110065,26,"Alemanha",14,"Alemanha"),
(110038,7,"Alemanha",21,"Alemanha"),
(110074,3,"Alemanha",24,"Alemanha"),
(110042,5,"Japão",1,"Japão"),
(110080,13,"Japão",22,"Japão"),
(110061,14,"Japão",11,"Japão"),
(110048,7,"Japão",23,"Japão"),
(110052,17,"Japão",20,"Japão"),
(111058,4,"Espanha",7,"Espanha"),
(111082,10,"Espanha",9,"Espanha"),
(111066,23,"Espanha",6,"Espanha"),
(111089,16,"Espanha",13,"Espanha"),
(111072,3,"Espanha",1,"Espanha"),
(111046,9,"Costa Rica",15,"Costa Rica"),
(111080,26,"Costa Rica",4,"Costa Rica"),
(111079,5,"Costa Rica",21,"Costa Rica"),
(111049,17,"Costa Rica",12,"Costa Rica"),
(111085,1,"Costa Rica",2,"Costa Rica"),
(112086,2,"Bélgica",7,"Bélgica"),
(112079,22,"Bélgica",9,"Bélgica"),
(112046,18,"Bélgica",11,"Bélgica"),
(112090,12,"Canadá",19,"Canadá"),
(112057,2,"Canadá",24,"Canadá"),
(112069,23,"Canadá",20,"Canadá"),
(112052,21,"Canadá",16,"Canadá"),
(113043,23,"Suiça",21,"Suiça"),
(113074,15,"Suiça",14,"Suiça"),
(113064,12,"Suiça",18,"Suiça"),
(113078,6,"Camarões",7,"Camarões"),
(113047,13,"Camarões",19,"Camarões"),
(113036,10,"Camarões",1,"Camarões"),
(113066,5,"Camarões",9,"Camarões"),
(113079,11,"Camarões",12,"Camarões"),
(114062,3,"Uruguai",11,"Uruguai"),
(114072,25,"Uruguai",20,"Uruguai"),
(114091,2,"Uruguai",6,"Uruguai"),
(114068,5,"Coreia do Sul",19,"Coreia do Sul"),
(114055,12,"Coreia do Sul",13,"Coreia do Sul"),
(114077,18,"Coreia do Sul",4,"Coreia do Sul"),
(114058,16,"Coreia do Sul",24,"Coreia do Sul"),
(114060,8,"Coreia do Sul",2,"Coreia do Sul"),
(115089,17,"Portugal",24,"Portugal"),
(115078,3,"Portugal",18,"Portugal"),
(115052,2,"Portugal",22,"Portugal"),
(115071,5,"Portugal",21,"Portugal"),
(115080,19,"Gana",13,"Gana"),
(115036,21,"Gana",3,"Gana"),
(115065,7,"Gana",8,"Gana"),
(115083,2,"Gana",1,"Gana"),
(116041,4,"Brasil",17,"Brasil"),
(116057,10,"Brasil",15,"Brasil"),
(116038,26,"Brasil",19,"Brasil"),
(116070,7,"Brasil",3,"Brasil"),
(116053,12,"Brasil",8,"Brasil"),
(116051,9,"Sérvia",19,"Sérvia"),
(116084,25,"Sérvia",6,"Sérvia"),
(116066,14,"Sérvia",7,"Sérvia"),
(201058,12,"País de Gales",4,"País de Gales"),
(201075,3,"País de Gales",23,"País de Gales"),
(201054,1,"País de Gales",15,"País de Gales"),
(201079,25,"País de Gales",22,"País de Gales"),
(201073,7,"Irão",4,"Irão"),
(201076,16,"Irão",13,"Irão"),
(201090,9,"Irão",21,"Irão"),
(201044,2,"Irão",20,"Irão"),
(202081,4,"Catar",7,"Catar"),
(202055,15,"Catar",13,"Catar"),
(202060,12,"Catar",18,"Catar"),
(202083,20,"Catar",16,"Catar"),
(202089,5,"Senegal",19,"Senegal"),
(202077,13,"Senegal",21,"Senegal"),
(202041,14,"Senegal",17,"Senegal"),
(202036,16,"Senegal",11,"Senegal"),
(202048,7,"Senegal",18,"Senegal"),
(203080,20,"Países Baixos",8,"Países Baixos"),
(203057,1,"Países Baixos",11,"Países Baixos"),
(203046,23,"Países Baixos",2,"Países Baixos"),
(203051,17,"Países Baixos",9,"Países Baixos"),
(203050,26,"Países Baixos",19,"Países Baixos"),
(203076,26,"Equador",16,"Equador"),
(203064,3,"Equador",17,"Equador"),
(203060,2,"Equador",8,"Equador"),
(204081,2,"Inglaterra",10,"Inglaterra"),
(204072,1,"Inglaterra",15,"Inglaterra"),
(204091,11,"Inglaterra",6,"Inglaterra"),
(204062,26,"Inglaterra",21,"Inglaterra"),
(204038,12,"Inglaterra",17,"Inglaterra"),
(204061,17,"Estados Unidos",2,"Estados Unidos"),
(204080,19,"Estados Unidos",3,"Estados Unidos"),
(204085,26,"Estados Unidos",25,"Estados Unidos"),
(204078,20,"Estados Unidos",24,"Estados Unidos"),
(205081,14,"Tunísia",25,"Tunísia"),
(205038,7,"Tunísia",10,"Tunísia"),
(205046,18,"Tunísia",20,"Tunísia"),
(205064,16,"Tunísia",26,"Tunísia"),
(205040,13,"Austrália",20,"Austrália"),
(205052,19,"Austrália",8,"Austrália"),
(205080,26,"Austrália",1,"Austrália"),
(205069,22,"Austrália",24,"Austrália"),
(205071,10,"Austrália",17,"Austrália"),
(206074,19,"Polónia",9,"Polónia"),
(206084,11,"Polónia",3,"Polónia"),
(206036,16,"Polónia",10,"Polónia"),
(206038,25,"Polónia",14,"Polónia"),
(206067,13,"Arábia Saudita",26,"Arábia Saudita"),
(206055,2,"Arábia Saudita",6,"Arábia Saudita"),
(206089,21,"Arábia Saudita",5,"Arábia Saudita"),
(207065,24,"França",11,"França"),
(207039,2,"França",16,"França"),
(207087,14,"França",5,"França"),
(207088,20,"França",23,"França"),
(207062,3,"França",22,"França"),
(207048,23,"Dinamarca",5,"Dinamarca"),
(207071,26,"Dinamarca",14,"Dinamarca"),
(207076,2,"Dinamarca",15,"Dinamarca"),
(208041,13,"Argentina",15,"Argentina"),
(208089,2,"Argentina",4,"Argentina"),
(208082,16,"Argentina",5,"Argentina"),
(208044,1,"México",2,"México"),
(208036,5,"México",21,"México"),
(208061,11,"México",4,"México"),
(208079,23,"México",18,"México"),
(208062,12,"México",7,"México"),
(209056,13,"Japão",26,"Japão"),
(209036,16,"Japão",4,"Japão"),
(209049,2,"Japão",20,"Japão"),
(209081,23,"Japão",15,"Japão"),
(209084,21,"Costa Rica",11,"Costa Rica"),
(209088,4,"Costa Rica",22,"Costa Rica"),
(209079,23,"Costa Rica",26,"Costa Rica"),
(209069,5,"Costa Rica",13,"Costa Rica"),
(209075,24,"Costa Rica",17,"Costa Rica"),
(210042,7,"Bélgica",2,"Bélgica"),
(210048,13,"Bélgica",12,"Bélgica"),
(210043,21,"Bélgica",16,"Bélgica"),
(210074,9,"Bélgica",1,"Bélgica"),
(210077,22,"Bélgica",8,"Bélgica"),
(210091,3,"Marrocos",25,"Marrocos"),
(210055,21,"Marrocos",17,"Marrocos"),
(210053,23,"Marrocos",14,"Marrocos"),
(210080,4,"Marrocos",5,"Marrocos"),
(210047,24,"Marrocos",1,"Marrocos"),
(211042,26,"Croácia",15,"Croácia"),
(211066,14,"Croácia",22,"Croácia"),
(211090,1,"Croácia",16,"Croácia"),
(211061,11,"Canadá",24,"Canadá"),
(211076,9,"Canadá",3,"Canadá"),
(211041,12,"Canadá",4,"Canadá"),
(211037,23,"Canadá",1,"Canadá"),
(211053,6,"Canadá",8,"Canadá"),
(212064,3,"Espanha",7,"Espanha"),
(212087,1,"Espanha",24,"Espanha"),
(212086,4,"Espanha",10,"Espanha"),
(212043,23,"Espanha",8,"Espanha"),
(212091,5,"Alemanha",6,"Alemanha"),
(212052,12,"Alemanha",23,"Alemanha"),
(212044,9,"Alemanha",1,"Alemanha"),
(212077,7,"Alemanha",10,"Alemanha"),
(213069,10,"Camarões",21,"Camarões"),
(213088,11,"Camarões",6,"Camarões"),
(213077,19,"Camarões",4,"Camarões"),
(213058,18,"Sérvia",19,"Sérvia"),
(213043,10,"Sérvia",6,"Sérvia"),
(213091,13,"Sérvia",26,"Sérvia"),
(213045,8,"Sérvia",11,"Sérvia"),
(213053,17,"Sérvia",25,"Sérvia"),
(214090,6,"Coreia do Sul",12,"Coreia do Sul"),
(214037,14,"Coreia do Sul",22,"Coreia do Sul"),
(214038,2,"Coreia do Sul",5,"Coreia do Sul"),
(214049,20,"Coreia do Sul",1,"Coreia do Sul"),
(214079,13,"Gana",3,"Gana"),
(214052,23,"Gana",14,"Gana"),
(214056,10,"Gana",19,"Gana"),
(214072,21,"Gana",12,"Gana"),
(214083,8,"Gana",15,"Gana"),
(215074,21,"Brasil",12,"Brasil"),
(215077,17,"Brasil",2,"Brasil"),
(215067,1,"Brasil",11,"Brasil"),
(215081,15,"Suiça",7,"Suiça"),
(215065,12,"Suiça",10,"Suiça"),
(215076,16,"Suiça",3,"Suiça"),
(216063,18,"Portugal",20,"Portugal"),
(216059,5,"Portugal",15,"Portugal"),
(216091,17,"Portugal",12,"Portugal"),
(216070,21,"Portugal",3,"Portugal"),
(216047,1,"Portugal",22,"Portugal"),
(216049,16,"Uruguai",25,"Uruguai"),
(216060,8,"Uruguai",18,"Uruguai"),
(216073,13,"Uruguai",1,"Uruguai"),
(301054,4,"Equador",9,"Equador"),
(301036,2,"Equador",1,"Equador"),
(301044,13,"Equador",17,"Equador"),
(301045,19,"Senegal",13,"Senegal"),
(301053,15,"Senegal",4,"Senegal"),
(301057,24,"Senegal",9,"Senegal"),
(302057,12,"Países Baixos",10,"Países Baixos"),
(302086,7,"Países Baixos",20,"Países Baixos"),
(302059,3,"Países Baixos",2,"Países Baixos"),
(302081,26,"Países Baixos",9,"Países Baixos"),
(302041,11,"Países Baixos",4,"Países Baixos"),
(302085,17,"Catar",8,"Catar"),
(302075,6,"Catar",3,"Catar"),
(302038,14,"Catar",10,"Catar"),
(302053,19,"Catar",7,"Catar"),
(303046,18,"Irão",4,"Irão"),
(303045,14,"Irão",21,"Irão"),
(303073,13,"Irão",25,"Irão"),
(303054,26,"Estados Unidos",9,"Estados Unidos"),
(303059,10,"Estados Unidos",12,"Estados Unidos"),
(303061,19,"Estados Unidos",21,"Estados Unidos"),
(304044,5,"País de Gales",6,"País de Gales"),
(304054,4,"País de Gales",23,"País de Gales"),
(304043,13,"País de Gales",19,"País de Gales"),
(304066,15,"País de Gales",22,"País de Gales"),
(304082,10,"Inglaterra",12,"Inglaterra"),
(304051,21,"Inglaterra",16,"Inglaterra"),
(304039,14,"Inglaterra",23,"Inglaterra"),
(304047,17,"Inglaterra",11,"Inglaterra"),
(304090,2,"Inglaterra",15,"Inglaterra"),
(305069,10,"Austrália",5,"Austrália"),
(305082,24,"Austrália",16,"Austrália"),
(305040,2,"Austrália",20,"Austrália"),
(305055,7,"Austrália",1,"Austrália"),
(305061,16,"Dinamarca",1,"Dinamarca"),
(305057,17,"Dinamarca",3,"Dinamarca"),
(305062,22,"Dinamarca",24,"Dinamarca"),
(306042,22,"Tunísia",13,"Tunísia"),
(306071,1,"Tunísia",12,"Tunísia"),
(306066,2,"Tunísia",4,"Tunísia"),
(306057,20,"Tunísia",9,"Tunísia"),
(306089,23,"França",24,"França"),
(306087,5,"França",25,"França"),
(306080,19,"França",7,"França"),
(306067,4,"França",14,"França"),
(306063,15,"França",11,"França"),
(307038,13,"Arábia Saudita",6,"Arábia Saudita"),
(307055,11,"Arábia Saudita",14,"Arábia Saudita"),
(307057,21,"Arábia Saudita",5,"Arábia Saudita"),
(307083,15,"Arábia Saudita",23,"Arábia Saudita"),
(307079,5,"México",17,"México"),
(307045,11,"México",7,"México"),
(307046,6,"México",15,"México"),
(307076,12,"México",26,"México"),
(307072,13,"México",14,"México"),
(308060,16,"Polónia",13,"Polónia"),
(308087,24,"Polónia",8,"Polónia"),
(308076,7,"Polónia",15,"Polónia"),
(308041,19,"Argentina",23,"Argentina"),
(308040,2,"Argentina",13,"Argentina"),
(308048,8,"Argentina",3,"Argentina"),
(308083,6,"Argentina",24,"Argentina"),
(308050,17,"Argentina",15,"Argentina"),
(309039,2,"Canadá",21,"Canadá"),
(309060,23,"Canadá",17,"Canadá"),
(309036,22,"Canadá",18,"Canadá"),
(309042,24,"Canadá",14,"Canadá"),
(309061,15,"Marrocos",16,"Marrocos"),
(309071,23,"Marrocos",7,"Marrocos"),
(309069,2,"Marrocos",6,"Marrocos"),
(309054,12,"Marrocos",1,"Marrocos"),
(309064,21,"Marrocos",5,"Marrocos"),
(310067,3,"Croácia",26,"Croácia"),
(310086,14,"Croácia",22,"Croácia"),
(310073,8,"Croácia",20,"Croácia"),
(310081,13,"Bélgica",18,"Bélgica"),
(310079,8,"Bélgica",7,"Bélgica"),
(310049,11,"Bélgica",9,"Bélgica"),
(310063,1,"Bélgica",2,"Bélgica"),
(310041,12,"Bélgica",22,"Bélgica"),
(311059,24,"Costa Rica",17,"Costa Rica"),
(311050,13,"Costa Rica",9,"Costa Rica"),
(311052,16,"Costa Rica",12,"Costa Rica"),
(311073,23,"Costa Rica",8,"Costa Rica"),
(311085,2,"Costa Rica",18,"Costa Rica"),
(311046,3,"Alemanha",1,"Alemanha"),
(311063,24,"Alemanha",2,"Alemanha"),
(311048,26,"Alemanha",14,"Alemanha"),
(311058,8,"Alemanha",25,"Alemanha"),
(311043,5,"Alemanha",7,"Alemanha"),
(312040,15,"Japão",20,"Japão"),
(312088,3,"Japão",14,"Japão"),
(312090,18,"Japão",13,"Japão"),
(312037,2,"Japão",6,"Japão"),
(312069,8,"Espanha",16,"Espanha"),
(312064,9,"Espanha",11,"Espanha"),
(312084,14,"Espanha",4,"Espanha"),
(312079,18,"Espanha",10,"Espanha"),
(313048,20,"Coreia do Sul",18,"Coreia do Sul"),
(313043,7,"Coreia do Sul",23,"Coreia do Sul"),
(313067,25,"Coreia do Sul",15,"Coreia do Sul"),
(313061,17,"Portugal",20,"Portugal"),
(313052,15,"Portugal",18,"Portugal"),
(313049,21,"Portugal",1,"Portugal"),
(313077,24,"Portugal",22,"Portugal"),
(313038,2,"Portugal",19,"Portugal"),
(314087,12,"Gana",8,"Gana"),
(314049,23,"Gana",10,"Gana"),
(314045,3,"Gana",17,"Gana"),
(314042,21,"Gana",16,"Gana"),
(314048,10,"Uruguai",19,"Uruguai"),
(314065,6,"Uruguai",5,"Uruguai"),
(314088,26,"Uruguai",1,"Uruguai"),
(314074,18,"Uruguai",17,"Uruguai"),
(315067,11,"Camarões",12,"Camarões"),
(315045,19,"Camarões",21,"Camarões"),
(315072,1,"Camarões",5,"Camarões"),
(315061,13,"Camarões",6,"Camarões"),
(315076,17,"Camarões",7,"Camarões"),
(315079,26,"Brasil",25,"Brasil"),
(315063,19,"Brasil",7,"Brasil"),
(315069,8,"Brasil",12,"Brasil"),
(316067,20,"Sérvia",19,"Sérvia"),
(316079,21,"Sérvia",16,"Sérvia"),
(316056,4,"Sérvia",1,"Sérvia"),
(316089,17,"Sérvia",12,"Sérvia"),
(316076,16,"Suiça",15,"Suiça"),
(316078,10,"Suiça",1,"Suiça"),
(316091,8,"Suiça",18,"Suiça"),
(401048,16,"Países Baixos",26,"Países Baixos"),
(401070,11,"Países Baixos",23,"Países Baixos"),
(401075,3,"Países Baixos",9,"Países Baixos"),
(401050,5,"País de Gales",20,"País de Gales"),
(401036,13,"País de Gales",23,"País de Gales"),
(401057,7,"País de Gales",26,"País de Gales"),
(402081,13,"Argentina",2,"Argentina"),
(402083,11,"Argentina",24,"Argentina"),
(402056,8,"Argentina",15,"Argentina"),
(402088,22,"França",24,"França"),
(402038,12,"França",6,"França"),
(402069,1,"França",19,"França"),
(402045,18,"França",2,"França"),
(402091,5,"França",16,"França"),
(403052,21,"Dinamarca",2,"Dinamarca"),
(403074,1,"Dinamarca",8,"Dinamarca"),
(403086,11,"Dinamarca",3,"Dinamarca"),
(403045,22,"Dinamarca",14,"Dinamarca"),
(403089,5,"Dinamarca",7,"Dinamarca"),
(403060,15,"México",14,"México"),
(403073,5,"México",12,"México"),
(403054,10,"México",6,"México"),
(403081,21,"México",11,"México"),
(404081,26,"Inglaterra",14,"Inglaterra"),
(404087,13,"Inglaterra",1,"Inglaterra"),
(404066,9,"Inglaterra",18,"Inglaterra"),
(404040,22,"Inglaterra",23,"Inglaterra"),
(404041,15,"Equador",25,"Equador"),
(404069,2,"Equador",19,"Equador"),
(404091,4,"Equador",14,"Equador"),
(405038,13,"Alemanha",6,"Alemanha"),
(405040,1,"Alemanha",17,"Alemanha"),
(405050,5,"Alemanha",20,"Alemanha"),
(405044,22,"Croácia",24,"Croácia"),
(405055,23,"Croácia",3,"Croácia"),
(405036,11,"Croácia",8,"Croácia"),
(405090,6,"Croácia",1,"Croácia"),
(405064,26,"Croácia",18,"Croácia"),
(406057,6,"Brasil",3,"Brasil"),
(406091,4,"Brasil",21,"Brasil"),
(406046,15,"Brasil",2,"Brasil"),
(406087,9,"Gana",13,"Gana"),
(406045,1,"Gana",21,"Gana"),
(406077,2,"Gana",16,"Gana"),
(407065,12,"Bélgica",10,"Bélgica"),
(407059,22,"Bélgica",8,"Bélgica"),
(407068,6,"Bélgica",24,"Bélgica"),
(407060,25,"Espanha",13,"Espanha"),
(407069,11,"Espanha",9,"Espanha"),
(407038,26,"Espanha",16,"Espanha"),
(408072,1,"Portugal",17,"Portugal"),
(408079,18,"Portugal",2,"Portugal"),
(408086,19,"Portugal",22,"Portugal"),
(408087,15,"Portugal",24,"Portugal"),
(408069,12,"Portugal",5,"Portugal"),
(408084,11,"Camarões",1,"Camarões"),
(408074,19,"Camarões",2,"Camarões"),
(408040,5,"Camarões",12,"Camarões"),
(408083,10,"Camarões",21,"Camarões"),
(408063,16,"Camarões",13,"Camarões"),
(501084,20,"Alemanha",14,"Alemanha"),
(501049,6,"Alemanha",1,"Alemanha"),
(501054,26,"Alemanha",5,"Alemanha"),
(501070,2,"Alemanha",24,"Alemanha"),
(501074,22,"Alemanha",25,"Alemanha"),
(501062,7,"Brasil",3,"Brasil"),
(501088,6,"Brasil",17,"Brasil"),
(501066,21,"Brasil",19,"Brasil"),
(501090,4,"Brasil",26,"Brasil"),
(502086,20,"Países Baixos",9,"Países Baixos"),
(502060,10,"Países Baixos",1,"Países Baixos"),
(502074,23,"Países Baixos",17,"Países Baixos"),
(502073,11,"Países Baixos",7,"Países Baixos"),
(502050,26,"Países Baixos",19,"Países Baixos"),
(502090,13,"Argentina",15,"Argentina"),
(502091,2,"Argentina",18,"Argentina"),
(502087,26,"Argentina",8,"Argentina"),
(502037,1,"Argentina",17,"Argentina"),
(502078,6,"Argentina",23,"Argentina"),
(503036,16,"Bélgica",1,"Bélgica"),
(503083,24,"Bélgica",8,"Bélgica"),
(503047,9,"Bélgica",6,"Bélgica"),
(503055,14,"Bélgica",23,"Bélgica"),
(503068,15,"Portugal",17,"Portugal"),
(503072,3,"Portugal",21,"Portugal"),
(503052,12,"Portugal",20,"Portugal"),
(503057,1,"Portugal",22,"Portugal"),
(503040,2,"Portugal",19,"Portugal"),
(504091,15,"Dinamarca",19,"Dinamarca"),
(504052,5,"Dinamarca",23,"Dinamarca"),
(504088,9,"Dinamarca",11,"Dinamarca"),
(504055,1,"Inglaterra",13,"Inglaterra"),
(504085,16,"Inglaterra",17,"Inglaterra"),
(504062,2,"Inglaterra",3,"Inglaterra"),
(601060,19,"Argentina",1,"Argentina"),
(601087,3,"Argentina",23,"Argentina"),
(601039,4,"Argentina",18,"Argentina"),
(601046,16,"Argentina",2,"Argentina"),
(601077,11,"Argentina",13,"Argentina"),
(601044,25,"Brasil",21,"Brasil"),
(601051,10,"Brasil",17,"Brasil"),
(601054,2,"Brasil",6,"Brasil"),
(601082,12,"Brasil",26,"Brasil"),
(601089,19,"Brasil",3,"Brasil"),
(602057,3,"Dinamarca",9,"Dinamarca"),
(602039,7,"Dinamarca",26,"Dinamarca"),
(602038,11,"Dinamarca",23,"Dinamarca"),
(602066,17,"Dinamarca",15,"Dinamarca"),
(602062,5,"Portugal",15,"Portugal"),
(602045,18,"Portugal",2,"Portugal"),
(602067,21,"Portugal",19,"Portugal"),
(602091,17,"Portugal",3,"Portugal"),
(602074,20,"Portugal",1,"Portugal"),
(701081,25,"Brasil",3,"Brasil"),
(701041,4,"Brasil",12,"Brasil"),
(701079,19,"Brasil",15,"Brasil"),
(701080,11,"Brasil",17,"Brasil"),
(701045,21,"Dinamarca",4,"Dinamarca"),
(701087,5,"Dinamarca",11,"Dinamarca"),
(701058,1,"Dinamarca",24,"Dinamarca"),
(701062,7,"Dinamarca",2,"Dinamarca"),
(801038,2,"Argentina",23,"Argentina"),
(801075,26,"Argentina",13,"Argentina"),
(801065,6,"Argentina",3,"Argentina"),
(801060,15,"Argentina",19,"Argentina"),
(801039,15,"Portugal",1,"Portugal"),
(801042,3,"Portugal",12,"Portugal"),
(801066,20,"Portugal",21,"Portugal"),
(801085,18,"Portugal",24,"Portugal"),
(801045,2,"Portugal",17,"Portugal");

INSERT INTO Desempate VALUES
(402901,5,4,402),
(601902,7,6,601),
(801901,0,3,801);